Name,Hash,Id,Tag,Tier,Type,Source,Equippable,Power,Power Limit,Energy Capacity,Owner,Locked,Equipped,Year,Season,Event,Mobility,Resilience,Recovery,Discipline,Intellect,Strength,Total,Mobility (Base),Resilience (Base),Recovery (Base),Discipline (Base),Intellect (Base),Strength (Base),Total (Base),Seasonal Mod,Loadouts,Notes,Perks 0,Perks 1,Perks 2,Perks 3,Perks 4,Perks 5,Perks 6,Perks 7,Perks 8,Perks 9,Perks 10
Eimin-Tin Ritual Mask,3634942770,"""6917529879706250383""",,Legendary,Helmet,tangled,Warlock,1786,,1,Warlock(1790),false,false,4,12,,2,17,8,10,15,2,54,2,17,8,10,15,2,54,,,,Upgrade Armor*,*,*,*,*,,,,,,
Nezarec's Sin,3381022971,"""6917529831637873410""",,Exotic,Helmet,,Warlock,1772,,7,Warlock(1790),false,false,1,1,,15,14,3,9,8,26,75,15,14,3,9,8,16,65,,Void,,Strength Mod*,Special Ammo Finder*,Special Ammo Scout*,Queensguard Valor*,Upgrade Armor*,*,*,*,*,Abyssal Extractors*,
Iron Companion Hood,960442438,"""6917529879825086798""",,Legendary,Helmet,ironbanner,Warlock,1778,,3,Warlock(1790),false,false,5,19,,6,11,13,2,21,8,61,6,11,13,2,21,8,61,,,,Upgrade Armor*,*,*,*,*,Iron Lord's Pride*,,,,,
Verity's Brow,2428181146,"""6917529879857241313""",,Exotic,Helmet,,Warlock,1784,,1,Warlock(1790),false,false,1,3,,2,22,9,16,14,2,65,2,22,9,16,14,2,65,,,,Upgrade Armor*,*,*,*,*,The Fourth Magic*,,,,,
High-Minded Complex,1800940324,"""6917529879865208835""",,Legendary,Helmet,legendaryengram,Warlock,1780,,2,Warlock(1790),false,false,4,15,,8,13,7,7,16,2,53,8,13,7,7,16,2,53,,,,Upgrade Armor*,*,*,*,*,,,,,,
Iron Companion Gloves,357179927,"""6917529879832530156""",,Legendary,Gauntlets,ironbanner,Warlock,1778,,3,Warlock(1790),false,false,5,19,,13,16,2,2,16,14,63,13,16,2,2,16,14,63,,,,Upgrade Armor*,*,*,*,*,Iron Lord's Pride*,,,,,
Warmind's Avatar Gloves,1259550198,"""6917529846979000645""",,Legendary,Gauntlets,rasputin,Warlock,1774,,10,Warlock(1790),true,false,5,19,,4,34,12,18,8,12,88,2,22,10,16,6,10,66,,"Solar, Void",,Resilience Mod*,Heavy Handed*,Melee Kickstart*,Iron Countershade*,Upgrade Armor*,*,*,*,*,Iron Companion Gloves*,Seraph Sensor Array*
Unyielding Favor Gloves,3031934630,"""6917529879874564211""",,Legendary,Gauntlets,seasonpass,Warlock,1786,,2,Warlock(1790),false,false,6,20,,7,16,6,7,8,12,56,7,16,6,7,8,12,56,,,,Upgrade Armor*,*,*,*,*,Queen's Favor*,,,,,
Heiro Camo,901647822,"""6917529880825710138""",,Legendary,Gauntlets,legendaryengram,Warlock,1789,,2,Warlock(1790),false,false,4,15,,6,12,6,12,12,2,50,6,12,6,12,12,2,50,,,,Upgrade Armor*,*,*,*,*,,,,,,
Phoenix Protocol,4057299719,"""6917529828414620377""",,Exotic,Chest Armor,,Warlock,1773,,10,Warlock(1790),true,false,2,4,,6,4,41,4,22,10,87,4,2,29,2,20,8,65,,Solar,,Recovery Mod*,Charged Up*,Emergency Reinforcement*,Iron Countershade*,Upgrade Armor*,*,*,*,*,Battle-Hearth*,
Insight Vikti Robes,2364041279,"""6917529879395300371""",,Legendary,Chest Armor,legendaryengram,Warlock,1777,,1,Warlock(1790),false,false,3,11,,7,11,6,7,10,7,48,7,11,6,7,10,7,48,,,,Upgrade Armor*,*,*,*,*,,,,,,
Heiro Camo,2432846050,"""6917529879874566148""",,Legendary,Chest Armor,legendaryengram,Warlock,1780,,3,Warlock(1790),false,false,4,15,,6,12,9,8,11,8,54,6,12,9,8,11,8,54,,,,Upgrade Armor*,*,*,*,*,,,,,,
Unyielding Favor Robes,988330314,"""6917529880806746618""",,Legendary,Chest Armor,seasonpass,Warlock,1783,,3,Warlock(1790),false,false,6,20,,2,12,18,8,16,8,64,2,12,18,8,16,8,64,,,,Upgrade Armor*,*,*,*,*,Queen's Favor*,,,,,
Ego Talon IV,4110287116,"""6917529879766723285""",,Legendary,Leg Armor,ikora,Warlock,1782,,2,Warlock(1790),false,false,4,12,,2,11,14,10,13,6,56,2,11,14,10,13,6,56,,,,Upgrade Armor*,*,*,*,*,,,,,,
Ego Talon Bond,761884895,"""6917529879865211737""",,Legendary,Warlock Bond,ikora,Warlock,1781,,4,Warlock(1790),false,false,4,12,,0,0,0,0,0,0,0,0,0,0,0,0,0,0,,,,Upgrade Armor*,,,,,,,,,,
Tusked Allegiance Hood,849255710,"""6917529860662048367""",,Legendary,Helmet,psiops,Warlock,1780,,10,Warlock(1790),true,true,5,16,,4,38,4,4,8,26,84,2,26,2,2,6,24,62,,"Solar, Strand, Crucible",,Resilience Mod*,Hands-On*,Special Ammo Finder*,Iron Countershade*,Upgrade Armor*,*,*,*,*,Iron Companion Hood*,
Karnstein Armlets,3844826440,"""6917529844844728355""",,Exotic,Gauntlets,,Warlock,1780,,10,Warlock(1790),true,true,1,1,,11,26,12,17,12,8,86,9,14,10,15,10,6,64,,"Strand, Crucible",,Resilience Mod*,Heavy Handed*,Melee Kickstart*,Upgrade Armor*,*,*,*,*,Vampire's Caress*,,
Warmind's Avatar Robes,2710316218,"""6917529848372493639""",,Legendary,Chest Armor,rasputin,Warlock,1772,,10,Warlock(1790),true,true,5,19,,4,32,14,14,12,11,87,2,30,2,12,10,9,65,,"Strand, Void, Crucible",,Recovery Mod*,Charged Up*,Charged Up*,Iron Countershade*,Upgrade Armor*,*,*,*,*,Iron Companion Vestments*,Seraph Sensor Array*
Tusked Allegiance Boots,693728753,"""6917529863897934316""",,Legendary,Leg Armor,psiops,Warlock,1777,,10,Warlock(1790),true,true,5,16,,18,14,8,14,4,32,90,16,12,6,2,2,30,68,,"Solar, Strand, Void, Crucible",,Discipline Mod*,Kinetic Scavenger*,Recuperation*,Better Already*,Iron Countershade*,Upgrade Armor*,*,*,*,*,Iron Companion Legs*
Warmind's Avatar Bond,1934312075,"""6917529843903461131""",,Legendary,Warlock Bond,rasputin,Warlock,1777,,10,Warlock(1790),true,true,5,19,,12,2,2,2,2,2,22,0,0,0,0,0,0,0,,"Solar, Strand, Void, Crucible",,Mobility Mod*,Outreach*,Time Dilation*,Reaper*,Iron Countershade*,Upgrade Armor*,Wolfswood Bond*,Seraph Sensor Array*,,,
Legion-Bane,3867725217,"""6917529879484336369""",,Rare,Gauntlets,campaign,Titan,1706,,5,Titan(1657),false,false,2,4,,6,16,2,6,2,16,48,6,16,2,6,2,16,48,,,,Upgrade Armor*,*,*,*,*,,,,,,
Ketchkiller's Gauntlets,2945464224,"""6917529832203031734""",,Legendary,Gauntlets,plunder,Titan,1600,,8,Titan(1657),false,false,5,18,,6,6,20,16,12,6,66,6,6,20,16,12,6,66,,,,Iron Countershade*,Upgrade Armor*,*,*,*,*,,,,,
Songbreaker Gauntlets,1589569999,"""6917529879454767419""",,Rare,Gauntlets,adventure,Titan,1728,,5,Titan(1657),false,false,1,1,,2,8,16,16,6,2,50,2,8,16,16,6,2,50,,,,Upgrade Armor*,*,*,*,*,,,,,,
Primal Siege Type 1,1912568536,"""6917529879484340473""",,Rare,Chest Armor,campaign,Titan,1726,,5,Titan(1657),false,false,2,4,,6,12,6,18,6,2,50,6,12,6,18,6,2,50,,,,Upgrade Armor*,*,*,*,*,,,,,,
Ketchkiller's Greaves,1640403802,"""6917529832203025405""",,Legendary,Leg Armor,plunder,Titan,1600,,3,Titan(1657),false,false,5,18,,6,22,6,23,8,2,67,6,22,6,23,8,2,67,,,,Iron Countershade*,Upgrade Armor*,*,*,*,*,,,,,
Primal Siege Type 1,126602378,"""6917529879484336809""",,Rare,Leg Armor,campaign,Titan,1694,,5,Titan(1657),false,false,2,4,,6,10,6,6,10,7,45,6,10,6,6,10,7,45,,,,Upgrade Armor*,*,*,*,*,,,,,,
Noble Constant Mark,2158868172,"""6917529879473236660""",,Legendary,Titan Mark,ikora,Titan,1702,,1,Titan(1657),false,false,4,12,,0,0,0,0,0,0,0,0,0,0,0,0,0,0,,,,Upgrade Armor*,,,,,,,,,,
Ketchkiller's Helmet,859087913,"""6917529833166623812""",,Legendary,Helmet,plunder,Titan,1600,,5,Titan(1657),false,true,5,18,,10,17,14,16,8,7,72,10,7,14,16,8,7,62,,,,Resilience Mod*,Heavy Ammo Scout*,Iron Countershade*,Upgrade Armor*,*,*,*,*,,,
Unyielding Favor Gauntlets,428806571,"""6917529879460669128""",,Legendary,Gauntlets,seasonpass,Titan,1668,,7,Titan(1657),false,true,6,20,,2,12,18,15,10,17,74,2,12,18,15,10,7,64,,,,Strength Mod*,Momentum Transfer*,Momentum Transfer*,Momentum Transfer*,Upgrade Armor*,*,*,*,*,Queen's Favor*,
Armamentarium,3874247549,"""6917529837404307299""",,Exotic,Chest Armor,,Titan,1600,,7,Titan(1657),true,true,1,3,,2,16,15,13,2,23,71,2,16,15,13,2,13,61,,,,Strength Mod*,Iron Countershade*,Upgrade Armor*,*,*,*,*,And Another Thing*,,,
Unyielding Favor Greaves,1903444925,"""6917529879464779366""",,Legendary,Leg Armor,seasonpass,Titan,1676,,7,Titan(1657),false,true,6,20,,12,12,18,15,15,2,74,2,12,18,15,15,2,64,,,,Mobility Mod*,Orbs of Restoration*,Harmonic Scavenger*,Upgrade Armor*,*,*,*,*,Queen's Favor*,,
Ketchkiller's Mark,1832715717,"""6917529832196995636""",,Legendary,Titan Mark,plunder,Titan,1600,,5,Titan(1657),false,true,5,18,,0,0,0,0,0,10,10,0,0,0,0,0,0,0,,,,Strength Mod*,Outreach*,Bomber*,Iron Countershade*,Upgrade Armor*,,,,,,
Road Complex AA1,2932691109,"""6917529880832654993""",,Legendary,Helmet,legendaryengram,Hunter,1788,,1,Hunter(1793),false,false,4,15,,11,12,2,8,12,7,52,11,12,2,8,12,7,52,,,,Upgrade Armor*,*,*,*,*,,,,,,
Scatterhorn Grasps,237758814,"""6917529834803055195""",,Legendary,Gauntlets,tangled,Hunter,1600,,9,Hunter(1793),false,false,4,14,,2,12,12,12,20,12,70,2,12,12,12,20,2,60,,,,Strength Mod*,Grenade Kickstart*,Impact Induction*,Harmonic Loader*,Iron Countershade*,Upgrade Armor*,*,*,*,*,
Ophidia Spathe,978537162,"""6917529879291506496""",,Exotic,Chest Armor,,Hunter,1779,,6,Hunter(1793),false,false,1,3,,14,22,10,9,2,19,76,14,12,10,9,2,19,66,,PvP,,Resilience Mod*,Harmonic Resistance*,Unflinching Strand Aim*,Upgrade Armor*,*,*,*,*,Scissor Fingers*,,
Nea-Thonis Breather,3124726865,"""6917529877016849729""",,Legendary,Helmet,tangled,Hunter,1782,,6,Hunter(1793),false,true,4,12,,6,22,6,10,14,2,60,6,12,6,10,14,2,50,,"Strand, PvP",,Resilience Mod*,Solar Siphon*,Ashes to Assets*,Upgrade Armor*,*,*,*,*,,,
Unyielding Favor Grips,164103153,"""6917529877869604087""",,Legendary,Gauntlets,seasonpass,Hunter,1776,,7,Hunter(1793),false,true,6,20,,18,12,12,14,8,10,74,18,2,12,14,8,10,64,,"Strand, PvP",,Resilience Mod*,Impact Induction*,Impact Induction*,Grenade Kickstart*,Upgrade Armor*,*,*,*,*,Queen's Favor*,
The Sixth Coyote,1474735277,"""6917529878447218707""",,Exotic,Chest Armor,,Hunter,1774,,7,Hunter(1793),false,true,2,4,,21,18,3,18,2,10,72,21,8,3,18,2,10,62,,Strand,,Resilience Mod*,Harmonic Reserves*,Harmonic Resistance*,Upgrade Armor*,*,*,*,*,Double Dodge*,,
Ketchkiller's Strides,2121983870,"""6917529834766927127""",,Legendary,Leg Armor,plunder,Hunter,1777,,8,Hunter(1793),false,true,5,18,,20,6,6,16,6,20,74,20,6,6,16,6,10,64,,"Strand, PvP",,Strength Mod*,Solar Weapon Surge*,Insulation*,Kinetic Weapon Surge*,Iron Countershade*,Upgrade Armor*,*,*,*,*,Iron Companion Boots*
Scatterhorn Cloak,345100195,"""6917529834803058152""",,Legendary,Hunter Cloak,tangled,Hunter,1786,,8,Hunter(1793),false,true,4,14,,0,10,0,0,0,0,10,0,0,0,0,0,0,0,,"Strand, PvP",,Resilience Mod*,Bomber*,Outreach*,Outreach*,Iron Countershade*,Upgrade Armor*,Wolfswood Cloak*,,,,
Raiju's Harness,2268523867,"""6917529855985902651""",,Exotic,Chest Armor,,Hunter,1600,,2,Vault,false,false,3,10,,8,18,6,18,11,2,63,8,18,6,18,11,2,63,,,,Upgrade Armor*,*,*,*,*,Mobius Conduit*,,,,,
Astrocyte Verse,3948284065,"""6917529865477527216""",,Exotic,Helmet,,Warlock,1600,,4,Vault,false,false,2,7,,9,10,13,2,12,20,66,9,10,13,2,12,20,66,,,,Upgrade Armor*,*,*,*,*,Move to Survive*,,,,,
Fieldplate Type 10,777818225,"""6917529829455705609""",,Uncommon,Leg Armor,campaign,Titan,1600,,,Vault,false,false,1,1,,1,0,0,0,0,0,1,1,0,0,0,0,0,1,,,,,,,,,,,,,,
Lucky Pants,193869522,"""6917529840112667878""",,Exotic,Leg Armor,,Hunter,1600,,1,Vault,false,false,1,1,,9,10,15,9,10,11,64,9,10,15,9,10,11,64,,,,Upgrade Armor*,*,*,*,*,Illegally Modded Holster*,,,,,
Astrocyte Verse,3948284065,"""6917529828797613286""",,Exotic,Helmet,,Warlock,1600,,1,Vault,false,false,2,7,,14,8,10,2,7,24,65,14,8,10,2,7,24,65,,,,Upgrade Armor*,*,*,*,*,Move to Survive*,,,,,
Crown of Tempests,3381022969,"""6917529830398750602""",,Exotic,Helmet,,Warlock,1600,,1,Vault,false,false,1,1,,14,2,17,2,14,13,62,14,2,17,2,14,13,62,,,,Upgrade Armor*,*,*,*,*,Conduction Tines*,,,,,
Getaway Artist,3084282676,"""6917529823918237442""",,Exotic,Gauntlets,,Warlock,1600,,8,Vault,false,false,2,6,,2,13,13,12,20,2,62,2,13,13,12,20,2,62,,,,Upgrade Armor*,*,*,*,*,Dynamic Duo*,,,,,
Winter's Guile,3844826443,"""6917529829176517970""",,Exotic,Gauntlets,,Warlock,1600,,2,Vault,false,false,1,1,,9,10,14,6,22,6,67,9,10,14,6,22,6,67,,,,Upgrade Armor*,*,*,*,*,Warlord's Sigil*,,,,,
Claws of Ahamkara,3288917178,"""6917529830406857740""",,Exotic,Gauntlets,,Warlock,1600,,1,Vault,false,false,1,3,,2,14,18,9,8,12,63,2,14,18,9,8,12,63,,,,Upgrade Armor*,*,*,*,*,The Whispers*,,,,,
Lunafaction Boots,4136768282,"""6917529830475563804""",,Exotic,Leg Armor,,Warlock,1600,,1,Vault,false,false,1,1,,10,7,15,2,12,20,66,10,7,15,2,12,20,66,,,,Upgrade Armor*,*,*,*,*,Alchemical Etchings*,,,,,
Skull of Dire Ahamkara,1030017949,"""6917529835087431097""",,Exotic,Helmet,,Warlock,1600,,2,Vault,false,false,1,1,,2,14,17,11,14,6,64,2,14,17,11,14,6,64,,,,Upgrade Armor*,*,*,*,*,Actual Grandeur*,,,,,
Vesper of Radius,1725917554,"""6917529831387877015""",,Exotic,Chest Armor,,Warlock,1600,,3,Vault,false,false,1,2,,6,8,20,7,19,6,66,6,8,20,7,19,6,66,,,,Upgrade Armor*,*,*,*,*,Planetary Torrent*,,,,,
Corrupting Echo Robes,2515293448,"""6917529830443729054""",,Legendary,Chest Armor,30th,Warlock,1600,,1,Vault,false,false,4,15,,17,2,12,20,10,2,63,17,2,12,20,10,2,63,,,,Upgrade Armor*,*,*,*,*,,,,,,
Reverie Dawn Tabard,757360370,"""6917529823870173003""",,Legendary,Chest Armor,dreaming,Warlock,1600,,8,Vault,false,false,4,13,,2,12,12,12,20,2,60,2,12,12,12,20,2,60,,,,Upgrade Armor*,*,*,*,*,,,,,,
Reverie Dawn Boots,569434520,"""6917529823906468772""",,Legendary,Leg Armor,dreaming,Warlock,1600,,8,Vault,false,false,4,13,,2,12,12,12,20,2,60,2,12,12,12,20,2,60,,,,Dusted Tome*,Upgrade Armor*,*,*,*,*,,,,,
Geomag Stabilizers,121305948,"""6917529831044322845""",,Exotic,Leg Armor,,Warlock,1600,,4,Vault,false,false,2,4,,11,19,4,10,7,14,65,11,19,4,10,7,14,65,,,,Upgrade Armor*,*,*,*,*,Close Enough*,,,,,
Scavenger Suit,3310450277,"""6917529831465689442""",,Uncommon,Helmet,campaign,Hunter,1600,,,Vault,false,false,1,1,,1,0,0,0,0,0,1,1,0,0,0,0,0,1,,,,,,,,,,,,,,
St0mp-EE5,193869520,"""6917529852432379662""",,Exotic,Leg Armor,,Hunter,1600,,3,Vault,false,false,1,1,,12,13,9,21,2,9,66,12,13,9,21,2,9,66,,,,Upgrade Armor*,*,*,*,*,Hydraulic Boosters*,,,,,
Sealed Ahamkara Grasps,1688602431,"""6917529852373378712""",,Exotic,Gauntlets,,Hunter,1600,,1,Vault,false,false,1,3,,13,10,9,2,13,14,61,13,10,9,2,13,14,61,,,,Upgrade Armor*,*,*,*,*,Nightmare Fuel*,,,,,
The Stag,2177524718,"""6917529832835325896""",,Exotic,Helmet,,Warlock,1600,,2,Vault,false,false,1,2,,8,14,12,6,14,12,66,8,14,12,6,14,12,66,,,,Upgrade Armor*,*,*,*,*,Dearly Departed*,,,,,
Starfire Protocol,2082483156,"""6917529832840929327""",,Exotic,Chest Armor,,Warlock,1600,,5,Vault,false,false,1,1,,17,7,10,15,15,2,66,17,7,10,15,15,2,66,,,,Upgrade Armor*,*,*,*,*,Fusion Harness*,,,,,
Tusked Allegiance Hood,849255710,"""6917529863897940664""",,Legendary,Helmet,psiops,Warlock,1600,,3,Vault,false,false,5,16,,20,9,2,2,2,29,64,20,9,2,2,2,29,64,,,,Upgrade Armor*,*,*,*,*,,,,,,
Promethium Spur,235591051,"""6917529834162527905""",,Exotic,Leg Armor,,Warlock,1600,,1,Vault,false,false,3,9,,9,10,12,9,15,7,62,9,10,12,9,15,7,62,,,,Upgrade Armor*,*,*,*,*,Embers of Light*,,,,,
Tusked Allegiance Gloves,119228495,"""6917529863893895681""",,Legendary,Gauntlets,psiops,Warlock,1600,,1,Vault,false,false,5,16,,9,2,21,2,9,22,65,9,2,21,2,9,22,65,,,,Upgrade Armor*,*,*,*,*,,,,,,
Ketchkiller's Mask,1095145125,"""6917529834773280381""",,Legendary,Helmet,plunder,Hunter,1600,,4,Vault,false,false,5,18,,22,6,6,17,2,14,67,22,6,6,17,2,14,67,,,,Dead Zone Foliage*,Upgrade Armor*,*,*,*,*,,,,,
Liar's Handshake,4165919945,"""6917529834797013684""",,Exotic,Gauntlets,,Hunter,1600,,8,Vault,false,false,2,6,,4,12,12,12,20,2,62,4,12,12,12,20,2,62,,,,Upgrade Armor*,*,*,*,*,Cross Counter*,,,,,
Ketchkiller's Grips,1834245236,"""6917529834778978361""",,Legendary,Gauntlets,plunder,Hunter,1600,,3,Vault,false,false,5,18,,26,6,2,15,10,7,66,26,6,2,15,10,7,66,,,,Dead Zone Foliage*,Upgrade Armor*,*,*,*,*,,,,,
Scatterhorn Vest,4044826514,"""6917529834797014175""",,Legendary,Chest Armor,tangled,Hunter,1600,,8,Vault,false,false,4,14,,2,12,12,12,20,2,60,2,12,12,12,20,2,60,,,,Upgrade Armor*,*,*,*,*,,,,,,
Scatterhorn Strides,1081701944,"""6917529834766923456""",,Legendary,Leg Armor,tangled,Hunter,1600,,8,Vault,false,false,4,14,,2,12,12,12,20,2,60,2,12,12,12,20,2,60,,,,Upgrade Armor*,*,*,*,*,,,,,,
Ketchkiller's Cloak,2325223873,"""6917529834785957063""",,Legendary,Hunter Cloak,plunder,Hunter,1600,,3,Vault,false,false,5,18,,0,0,0,0,0,0,0,0,0,0,0,0,0,0,,,,Dead Zone Foliage*,Upgrade Armor*,,,,,,,,,
The Bombardiers,1219761634,"""6917529834843413480""",,Exotic,Leg Armor,,Hunter,1600,,1,Vault,false,false,3,9,,13,10,8,15,7,10,63,13,10,8,15,7,10,63,,,,Upgrade Armor*,*,*,*,*,Parting Gift*,,,,,
Warmind's Avatar Robes,2710316218,"""6917529864447155514""",,Legendary,Chest Armor,rasputin,Warlock,1600,,1,Vault,true,false,5,19,,19,2,12,2,14,16,65,19,2,12,2,14,16,65,,,,Upgrade Armor*,*,*,*,*,Seraph Sensor Array*,,,,,
Starfire Protocol,2082483156,"""6917529838577780782""",,Exotic,Chest Armor,,Warlock,1600,,1,Vault,false,false,1,1,,6,26,4,13,8,10,67,6,26,4,13,8,10,67,,,,Upgrade Armor*,*,*,*,*,Fusion Harness*,,,,,
Apotheosis Veil,1096253259,"""6917529844585443861""",,Exotic,Helmet,,Warlock,1600,,2,Vault,false,false,1,3,,20,7,8,2,29,2,68,20,7,8,2,29,2,68,,,,Upgrade Armor*,*,*,*,*,Insatiable*,,,,,
Vesper of Radius,1725917554,"""6917529852503951844""",,Exotic,Chest Armor,,Warlock,1600,,3,Vault,false,false,1,2,,14,4,13,8,21,2,62,14,4,13,8,21,2,62,,,,Upgrade Armor*,*,*,*,*,Planetary Torrent*,,,,,
Doom Fang Pauldron,241462141,"""6917529838582863995""",,Exotic,Gauntlets,,Titan,1600,,1,Vault,false,false,1,1,,20,7,7,6,12,16,68,20,7,7,6,12,16,68,,,,Upgrade Armor*,*,*,*,*,Horns of Doom*,,,,,
Gemini Jester,1163283805,"""6917529840224028700""",,Exotic,Leg Armor,,Hunter,1600,,3,Vault,false,false,1,2,,16,8,9,6,17,6,62,16,8,9,6,17,6,62,,,,Upgrade Armor*,*,*,*,*,Misdirection*,,,,,
Chromatic Fire,4057299718,"""6917529840013420822""",,Exotic,Chest Armor,,Warlock,1600,,1,Vault,false,false,2,4,,6,12,13,12,7,9,59,6,12,13,12,7,9,59,,,,Upgrade Armor*,*,*,*,*,Crystalline Transistor*,,,,,
An Insurmountable Skullfort,3216110440,"""6917529840049416804""",,Exotic,Helmet,,Titan,1600,,1,Vault,false,false,1,1,,19,8,3,2,19,10,61,19,8,3,2,19,10,61,,,,Upgrade Armor*,*,*,*,*,Transfusion Matrix*,,,,,
Transversive Steps,138282166,"""6917529836712469375""",,Exotic,Leg Armor,,Warlock,1600,,7,Vault,true,false,1,1,,3,10,20,23,2,8,66,3,10,20,23,2,8,66,,,,Upgrade Armor*,*,*,*,*,Strange Protractor*,,,,,
Claws of Ahamkara,3288917178,"""6917529844572259688""",,Exotic,Gauntlets,,Warlock,1600,,1,Vault,false,false,1,3,,2,23,8,10,6,13,62,2,23,8,10,6,13,62,,,,Upgrade Armor*,*,*,*,*,The Whispers*,,,,,
Felwinter's Helm,2822465023,"""6917529849772989807""",,Exotic,Helmet,,Warlock,1600,,2,Vault,false,false,3,10,,15,9,8,15,7,9,63,15,9,8,15,7,9,63,,,,Upgrade Armor*,*,*,*,*,Warlord's End*,,,,,
Veritas Hood,1795262004,"""6917529866140346405""",,Legendary,Helmet,throneworld,Warlock,1600,,1,Vault,false,false,5,16,,6,25,2,18,6,9,66,6,25,2,18,6,9,66,,,,Upgrade Armor*,*,*,*,*,,,,,,
Verity's Brow,2428181146,"""6917529845959822317""",,Exotic,Helmet,,Warlock,1600,,1,Vault,false,false,1,3,,2,12,18,9,9,13,63,2,12,18,9,9,13,63,,,,Upgrade Armor*,*,*,*,*,The Fourth Magic*,,,,,
Contraverse Hold,1906093346,"""6917529844714907819""",,Exotic,Gauntlets,,Warlock,1600,,1,Vault,false,false,2,4,,21,2,9,12,10,10,64,21,2,9,12,10,10,64,,,,Upgrade Armor*,*,*,*,*,Chaotic Exchanger*,,,,,
Dreambane Hood,1721938300,"""6917529851795174761""",,Legendary,Helmet,moon,Warlock,1600,,2,Vault,true,false,4,13,,19,6,2,18,2,8,55,19,6,2,18,2,8,55,nightmare,,,Upgrade Armor*,*,*,*,*,,,,,,
Warmind's Avatar Headpiece,2974824815,"""6917529866884704746""",,Legendary,Helmet,rasputin,Warlock,1600,,2,Vault,false,false,5,19,,6,17,9,13,16,2,63,6,17,9,13,16,2,63,,,,Upgrade Armor*,*,*,*,*,Seraph Sensor Array*,,,,,
Skull of Dire Ahamkara,1030017949,"""6917529842679963727""",,Exotic,Helmet,,Warlock,1600,,1,Vault,false,false,1,1,,9,8,15,2,14,15,63,9,8,15,2,14,15,63,,,,Upgrade Armor*,*,*,*,*,Actual Grandeur*,,,,,
Ophidian Aspect,3627185503,"""6917529842225349686""",,Exotic,Gauntlets,,Warlock,1600,,1,Vault,false,false,1,2,,11,12,10,18,10,2,63,11,12,10,18,10,2,63,,,,Upgrade Armor*,*,*,*,*,Cobra Totemic*,,,,,
Sanguine Alchemy,3070555693,"""6917529841656085990""",,Exotic,Chest Armor,,Warlock,1600,,2,Vault,false,false,1,3,,11,7,15,2,6,23,64,11,7,15,2,6,23,64,,,,Upgrade Armor*,*,*,*,*,Blood Magic*,,,,,
Starfire Protocol,2082483156,"""6917529867937837724""",,Exotic,Chest Armor,,Warlock,1600,,2,Vault,true,false,1,1,,6,25,4,26,2,6,69,6,25,4,26,2,6,69,,,,Upgrade Armor*,*,*,*,*,Fusion Harness*,,,,,
Claws of Ahamkara,3288917178,"""6917529866035222552""",,Exotic,Gauntlets,,Warlock,1600,,2,Vault,false,false,1,3,,10,21,4,14,2,13,64,10,21,4,14,2,13,64,,,,Upgrade Armor*,*,*,*,*,The Whispers*,,,,,
Warmind's Avatar Headpiece,2974824815,"""6917529857852202098""",,Legendary,Helmet,rasputin,Warlock,1600,,3,Vault,true,false,5,19,,2,16,16,2,24,7,67,2,16,16,2,24,7,67,,,,Upgrade Armor*,*,*,*,*,Seraph Sensor Array*,,,,,
Ketchkiller's Gloves,535937281,"""6917529851163636578""",,Legendary,Gauntlets,plunder,Warlock,1600,,1,Vault,false,false,5,18,,14,15,2,14,15,2,62,14,15,2,14,15,2,62,,,,Upgrade Armor*,*,*,*,*,,,,,,
Tusked Allegiance Gloves,119228495,"""6917529866870346989""",,Legendary,Gauntlets,psiops,Warlock,1600,,4,Vault,false,false,5,16,,2,22,9,21,10,2,66,2,22,9,21,10,2,66,,,,Upgrade Armor*,*,*,*,*,,,,,,
Reverie Dawn Gloves,150052158,"""6917529823893660098""",,Legendary,Gauntlets,dreaming,Warlock,1600,,10,Vault,true,false,4,13,,4,14,14,14,22,4,72,2,12,12,12,20,2,60,,,,Angel's Gleam*,Upgrade Armor*,*,*,*,*,,,,,
Veritas Robe,4115572467,"""6917529866767311527""",,Legendary,Chest Armor,throneworld,Warlock,1600,,1,Vault,false,false,5,16,,9,14,8,15,7,9,62,9,14,8,15,7,9,62,,,,Upgrade Armor*,*,*,*,*,,,,,,
Warmind's Avatar Gloves,1259550198,"""6917529855576427792""",,Legendary,Gauntlets,rasputin,Warlock,1600,,4,Vault,false,false,5,19,,16,6,9,24,6,2,63,16,6,9,24,6,2,63,,,,Upgrade Armor*,*,*,*,*,Seraph Sensor Array*,,,,,
Ketchkiller's Boots,2030782835,"""6917529851174126596""",,Legendary,Leg Armor,plunder,Warlock,1600,,1,Vault,false,false,5,18,,24,2,6,22,2,7,63,24,2,6,22,2,7,63,,,,Upgrade Armor*,*,*,*,*,,,,,,
Apotheosis Veil,1096253259,"""6917529849818071924""",,Exotic,Helmet,,Warlock,1600,,2,Vault,false,false,1,3,,2,12,18,2,24,6,64,2,12,18,2,24,6,64,,,,Upgrade Armor*,*,*,*,*,Insatiable*,,,,,
Dreambane Boots,399547095,"""6917529851198423242""",,Legendary,Leg Armor,moon,Warlock,1600,,2,Vault,true,false,4,13,,6,12,7,6,18,2,51,6,12,7,6,18,2,51,nightmare,,,Upgrade Armor*,*,*,*,*,,,,,,
Reverie Dawn Hood,1076538039,"""6917529823924322979""",,Legendary,Helmet,dreaming,Warlock,1600,,10,Vault,true,false,4,13,,4,14,14,14,22,4,72,2,12,12,12,20,2,60,,,,Angel's Gleam*,Upgrade Armor*,*,*,*,*,Streetscholar Cover*,,,,
Wings of Sacred Dawn,370930766,"""6917529845953862172""",,Exotic,Chest Armor,,Warlock,1600,,5,Vault,false,false,1,1,,16,10,8,10,8,12,64,16,10,8,10,8,12,64,,,,Upgrade Armor*,*,*,*,*,Tome of Dawn*,,,,,
Dreambane Bond,2975563522,"""6917529850681593376""",,Legendary,Warlock Bond,moon,Warlock,1600,,1,Vault,true,false,4,13,,0,0,0,0,0,0,0,0,0,0,0,0,0,0,nightmare,,,Upgrade Armor*,Dreambane Mod*,,,,,,,,,
Chromatic Fire,4057299718,"""6917529849810252209""",,Exotic,Chest Armor,,Warlock,1600,,1,Vault,false,false,2,4,,9,20,7,18,6,7,67,9,20,7,18,6,7,67,,,,Upgrade Armor*,*,*,*,*,Crystalline Transistor*,,,,,
Claws of Ahamkara,3288917178,"""6917529850338731975""",,Exotic,Gauntlets,,Warlock,1600,,1,Vault,false,false,1,3,,10,13,10,13,2,14,62,10,13,10,13,2,14,62,,,,Upgrade Armor*,*,*,*,*,The Whispers*,,,,,
Warmind's Avatar Headpiece,2974824815,"""6917529849683745024""",,Legendary,Helmet,rasputin,Warlock,1600,,10,Vault,true,false,5,19,,12,16,8,18,12,8,74,10,14,6,16,10,6,62,,,,Iron Countershade*,Upgrade Armor*,*,*,*,*,Iron Companion Hood*,Seraph Sensor Array*,,,
Eidolon Pursuant Pants,256122438,"""6917529836203511090""",,Legendary,Leg Armor,haunted,Warlock,1600,,10,Vault,true,false,5,17,,18,11,10,4,18,18,79,16,9,8,2,16,16,67,,,,Upgrade Armor*,*,*,*,*,Visage of the Reaper*,,,,,
Warmind's Avatar Pants,2471829328,"""6917529852026215658""",,Legendary,Leg Armor,rasputin,Warlock,1600,,10,Vault,true,false,5,19,,4,22,12,4,32,4,78,2,20,10,2,30,2,66,,,,Upgrade Armor*,*,*,*,*,Seraph Sensor Array*,,,,,
Warmind's Avatar Pants,2471829328,"""6917529847038886537""",,Legendary,Leg Armor,rasputin,Warlock,1600,,10,Vault,true,false,5,19,,12,24,4,12,12,12,76,10,22,2,10,10,10,64,,,,Iron Countershade*,Upgrade Armor*,*,*,*,*,Iron Companion Legs*,Seraph Sensor Array*,,,
Warmind's Avatar Pants,2471829328,"""6917529866878675920""",,Legendary,Leg Armor,rasputin,Warlock,1600,,1,Vault,false,false,5,19,,7,18,7,7,17,7,63,7,18,7,7,17,7,63,,,,Upgrade Armor*,*,*,*,*,Seraph Sensor Array*,,,,,
Tusked Allegiance Boots,693728753,"""6917529866878679475""",,Legendary,Leg Armor,psiops,Warlock,1600,,4,Vault,false,false,5,16,,2,26,2,2,24,6,62,2,26,2,2,24,6,62,,,,Upgrade Armor*,*,*,*,*,,,,,,
Reverie Dawn Bond,1394177923,"""6917529823924324339""",,Legendary,Warlock Bond,dreaming,Warlock,1600,,10,Vault,true,false,4,13,,2,2,2,2,2,2,12,0,0,0,0,0,0,0,,,,Angel's Gleam*,Upgrade Armor*,,,,,,,,,
Eye of Another World,3381022970,"""6917529846652248289""",,Exotic,Helmet,,Warlock,1600,,3,Vault,false,false,1,1,,2,16,14,2,21,8,63,2,16,14,2,21,8,63,,,,Upgrade Armor*,*,*,*,*,Cerebral Uplink*,,,,,
Felwinter's Helm,2822465023,"""6917529847328501640""",,Exotic,Helmet,,Warlock,1600,,2,Vault,false,false,3,10,,17,2,14,10,9,12,64,17,2,14,10,9,12,64,,,,Angel's Gleam*,Upgrade Armor*,*,*,*,*,Warlord's End*,,,,
Graviton Forfeit,2773056939,"""6917529848299129409""",,Exotic,Helmet,,Hunter,1600,,1,Vault,false,false,1,2,,21,2,8,16,2,10,59,21,2,8,16,2,10,59,,,,Upgrade Armor*,*,*,*,*,Vanishing Shadow*,,,,,
Aeon Soul,2950045886,"""6917529848278568877""",,Exotic,Gauntlets,,Warlock,1600,,1,Vault,false,false,1,2,,14,4,17,22,2,7,66,14,4,17,22,2,7,66,,,,Upgrade Armor*,*,*,*,*,Sect of Force*,,,,,
Promethium Spur,235591051,"""6917529849683747489""",,Exotic,Leg Armor,,Warlock,1600,,1,Vault,false,false,3,9,,10,10,9,10,17,2,58,10,10,9,10,17,2,58,,,,Upgrade Armor*,*,*,*,*,Embers of Light*,,,,,
Scatterhorn Mask,1164347863,"""6917529834803053629""",,Legendary,Helmet,tangled,Hunter,1600,,8,Vault,false,false,4,14,,2,12,12,12,20,2,60,2,12,12,12,20,2,60,,,,Hoarfrost Sunrise*,Upgrade Armor*,*,*,*,*,,,,,
Shards of Galanor,691578979,"""6917529850344152461""",,Exotic,Gauntlets,,Hunter,1600,,1,Vault,false,false,2,4,,8,15,9,6,14,8,60,8,15,9,6,14,8,60,,,,Upgrade Armor*,*,*,*,*,Sharp Edges*,,,,,
Doom Fang Pauldron,241462141,"""6917529850344154563""",,Exotic,Gauntlets,,Titan,1600,,1,Vault,false,false,1,1,,12,3,18,6,21,2,62,12,3,18,6,21,2,62,,,,Upgrade Armor*,*,*,*,*,Horns of Doom*,,,,,
Phoenix Protocol,4057299719,"""6917529850251321915""",,Exotic,Chest Armor,,Warlock,1600,,1,Vault,false,false,2,4,,20,8,7,11,15,2,63,20,8,7,11,15,2,63,,,,Upgrade Armor*,*,*,*,*,Battle-Hearth*,,,,,
The Stag,2177524718,"""6917529850646860839""",,Exotic,Helmet,,Warlock,1600,,1,Vault,false,false,1,2,,7,7,18,14,2,13,61,7,7,18,14,2,13,61,,,,Upgrade Armor*,*,*,*,*,Dearly Departed*,,,,,
Felwinter's Helm,2822465023,"""6917529851432238874""",,Exotic,Helmet,,Warlock,1600,,1,Vault,false,false,3,10,,15,13,2,9,7,16,62,15,13,2,9,7,16,62,,,,Upgrade Armor*,*,*,*,*,Warlord's End*,,,,,
Apotheosis Veil,1096253259,"""6917529851823888484""",,Exotic,Helmet,,Warlock,1600,,4,Vault,false,false,1,3,,19,3,13,7,22,2,66,19,3,13,7,22,2,66,,,,Upgrade Armor*,*,*,*,*,Insatiable*,,,,,
Knucklehead Radar,1321354572,"""6917529861836737571""",,Exotic,Helmet,,Hunter,1600,,1,Vault,false,false,1,1,,3,13,20,12,10,9,67,3,13,20,12,10,9,67,,,,Upgrade Armor*,*,*,*,*,Upgraded Sensor Pack*,,,,,
Shinobu's Vow,1053737370,"""6917529858427126960""",,Exotic,Gauntlets,,Hunter,1600,,2,Vault,false,false,1,2,,10,17,6,11,10,9,63,10,17,6,11,10,9,63,,,,Upgrade Armor*,*,*,*,*,New Tricks*,,,,,
Felwinter's Helm,2822465023,"""6917529854434409861""",,Exotic,Helmet,,Warlock,1600,,1,Vault,false,false,3,10,,10,6,14,15,15,2,62,10,6,14,15,15,2,62,,,,Upgrade Armor*,*,*,*,*,Warlord's End*,,,,,
Warmind's Avatar Headpiece,2974824815,"""6917529861010329915""",,Legendary,Helmet,rasputin,Warlock,1600,,1,Vault,false,false,5,19,,2,7,21,16,8,9,63,2,7,21,16,8,9,63,,,,Upgrade Armor*,*,*,*,*,Seraph Sensor Array*,,,,,
The Dragon's Shadow,2766109874,"""6917529838436946954""",,Exotic,Chest Armor,,Hunter,1600,,7,Vault,false,false,1,1,,16,8,7,14,2,12,59,16,8,7,14,2,12,59,,,,Hoarfrost Sunrise*,Upgrade Armor*,*,*,*,*,Wraithmetal Mail*,,,,
Orpheus Rig,193869523,"""6917529860764965056""",,Exotic,Leg Armor,,Hunter,1600,,2,Vault,false,false,1,1,,17,2,14,10,10,9,62,17,2,14,10,10,9,62,,,,Upgrade Armor*,*,*,*,*,Uncanny Arrows*,,,,,
Eidolon Pursuant Helm,527342912,"""6917529841814258789""",,Legendary,Helmet,haunted,Titan,1600,,1,Vault,false,false,5,17,,23,6,2,2,15,16,64,23,6,2,2,15,16,64,,,,Upgrade Armor*,*,*,*,*,Visage of the Reaper*,,,,,
Warmind's Avatar Helm,1059446290,"""6917529849763991769""",,Legendary,Helmet,rasputin,Titan,1600,,3,Vault,false,false,5,19,,2,30,2,2,10,22,68,2,30,2,2,10,22,68,,,,Upgrade Armor*,*,*,*,*,Seraph Sensor Array*,,,,,
ACD/0 Feedback Fence,2563444729,"""6917529835091904759""",,Exotic,Gauntlets,,Titan,1600,,7,Vault,false,false,1,1,,16,8,10,2,15,14,65,16,8,10,2,15,14,65,,,,Angel's Gleam*,Upgrade Armor*,*,*,*,*,Fury Conductors*,,,,
Crushing Guard (CODA),818644818,"""6917529836226346792""",,Legendary,Gauntlets,dungeon,Titan,1600,,1,Vault,false,false,3,11,,15,7,9,6,15,8,60,15,7,9,6,15,8,60,,,,Upgrade Armor*,*,*,*,*,,,,,,
Warmind's Avatar Gauntlets,1525902715,"""6917529849694438637""",,Legendary,Gauntlets,rasputin,Titan,1600,,3,Vault,false,false,5,19,,10,10,10,10,10,10,60,10,10,10,10,10,10,60,,,,Upgrade Armor*,*,*,*,*,Seraph Sensor Array*,,,,,
Cuirass of the Falling Star,2321120637,"""6917529832222482215""",,Exotic,Chest Armor,lostsectors,Titan,1600,,9,Vault,true,false,4,13,,2,12,12,12,20,2,60,2,12,12,12,20,2,60,,,,Angel's Gleam*,Upgrade Armor*,*,*,*,*,Glorious Charge*,,,,
Ketchkiller's Plate,130618344,"""6917529832203031399""",,Legendary,Chest Armor,plunder,Titan,1600,,7,Vault,true,false,5,18,,2,6,26,11,12,10,67,2,6,26,11,12,10,67,,,,Angel's Gleam*,Upgrade Armor*,*,*,*,*,,,,,
Photosuede Plate,2999584444,"""6917529838424784980""",,Legendary,Chest Armor,strikes,Titan,1600,,2,Vault,false,false,5,16,,7,10,16,2,14,12,61,7,10,16,2,14,12,61,,,,Upgrade Armor*,*,*,*,*,,,,,,
Iron Companion Gloves,357179927,"""6917529859720885513""",,Legendary,Gauntlets,ironbanner,Warlock,1600,,1,Vault,false,false,5,19,,7,10,15,11,9,12,64,7,10,15,11,9,12,64,,,,Upgrade Armor*,*,*,*,*,Iron Lord's Pride*,,,,,
Iron Companion Gloves,357179927,"""6917529860385405101""",,Legendary,Gauntlets,ironbanner,Warlock,1600,,1,Vault,false,false,5,19,,7,2,22,2,6,25,64,7,2,22,2,6,25,64,,,,Upgrade Armor*,*,*,*,*,Iron Lord's Pride*,,,,,
Tusked Allegiance Gloves,119228495,"""6917529860662043472""",,Legendary,Gauntlets,psiops,Warlock,1600,,1,Vault,false,false,5,16,,13,2,16,6,2,26,65,13,2,16,6,2,26,65,,,,Upgrade Armor*,*,*,*,*,,,,,,
Iron Companion Gloves,357179927,"""6917529860717150181""",,Legendary,Gauntlets,ironbanner,Warlock,1600,,3,Vault,false,false,5,19,,10,9,12,10,12,10,63,10,9,12,10,12,10,63,,,,Upgrade Armor*,*,*,*,*,Iron Lord's Pride*,,,,,
Warmind's Avatar Gloves,1259550198,"""6917529861006154270""",,Legendary,Gauntlets,rasputin,Warlock,1600,,1,Vault,false,false,5,19,,2,9,21,16,2,12,62,2,9,21,16,2,12,62,,,,Upgrade Armor*,*,*,*,*,Seraph Sensor Array*,,,,,
Ego Talon IV,1390681142,"""6917529860435341018""",,Legendary,Chest Armor,ikora,Warlock,1600,,1,Vault,false,false,4,12,,9,15,7,13,2,14,60,9,15,7,13,2,14,60,,,,Upgrade Armor*,*,*,*,*,,,,,,
Ketchkiller's Robes,3833868247,"""6917529860989766836""",,Legendary,Chest Armor,plunder,Warlock,1600,,2,Vault,false,false,5,18,,7,16,7,16,16,2,64,7,16,7,16,16,2,64,,,,Upgrade Armor*,*,*,*,*,,,,,,
Ketchkiller's Boots,2030782835,"""6917529860996954513""",,Legendary,Leg Armor,plunder,Warlock,1600,,2,Vault,false,false,5,18,,2,2,27,7,17,8,63,2,2,27,7,17,8,63,,,,Upgrade Armor*,*,*,*,*,,,,,,
Iron Companion Legs,1741360441,"""6917529860723837350""",,Legendary,Leg Armor,ironbanner,Warlock,1600,,4,Vault,false,false,5,19,,15,7,9,8,8,14,61,15,7,9,8,8,14,61,,,,Upgrade Armor*,*,*,*,*,Iron Lord's Pride*,,,,,
Wolfswood Bond,2218948028,"""6917529860403364263""",,Legendary,Warlock Bond,ironbanner,Warlock,1600,,1,Vault,false,false,5,19,,0,0,0,0,0,0,0,0,0,0,0,0,0,0,,,,Upgrade Armor*,Iron Lord's Pride*,,,,,,,,,
Eidolon Pursuant Robe,1972851364,"""6917529861014811556""",,Legendary,Chest Armor,haunted,Warlock,1600,,4,Vault,false,false,5,17,,2,6,23,16,6,12,65,2,6,23,16,6,12,65,,,,Upgrade Armor*,*,*,*,*,Visage of the Reaper*,,,,,
Eidolon Pursuant Gloves,870313788,"""6917529861019455679""",,Legendary,Gauntlets,haunted,Warlock,1600,,2,Vault,false,false,5,17,,2,20,12,2,6,24,66,2,20,12,2,6,24,66,,,,Upgrade Armor*,*,*,*,*,Visage of the Reaper*,,,,,
Eidolon Pursuant Veil,217647949,"""6917529861023313930""",,Legendary,Helmet,haunted,Warlock,1600,,4,Vault,true,false,5,17,,30,2,2,2,9,21,66,30,2,2,2,9,21,66,,,,Upgrade Armor*,*,*,*,*,Visage of the Reaper*,,,,,
Warmind's Avatar Chestplate,839296981,"""6917529849758218152""",,Legendary,Chest Armor,rasputin,Titan,1600,,3,Vault,false,false,5,19,,2,30,2,15,10,6,65,2,30,2,15,10,6,65,,,,Upgrade Armor*,*,*,*,*,Seraph Sensor Array*,,,,,
Mimetic Savior Greaves,4293588774,"""6917529840214315953""",,Legendary,Leg Armor,legendaryengram,Titan,1600,,1,Vault,false,false,4,13,,2,12,17,13,16,2,62,2,12,17,13,16,2,62,,,,Upgrade Armor*,*,*,*,*,,,,,,
Iron Companion Hood,960442438,"""6917529861382750303""",,Legendary,Helmet,ironbanner,Warlock,1600,,3,Vault,false,false,5,19,,16,7,7,20,2,9,61,16,7,7,20,2,9,61,,,,Upgrade Armor*,*,*,*,*,Iron Lord's Pride*,,,,,
Iron Companion Hood,960442438,"""6917529861396697222""",,Legendary,Helmet,ironbanner,Warlock,1600,,3,Vault,false,false,5,19,,13,17,2,13,10,7,62,13,17,2,13,10,7,62,,,,Upgrade Armor*,*,*,*,*,Iron Lord's Pride*,,,,,
Iron Companion Hood,960442438,"""6917529861768739336""",,Legendary,Helmet,ironbanner,Warlock,1600,,3,Vault,true,false,5,19,,6,2,24,21,7,2,62,6,2,24,21,7,2,62,,,,Upgrade Armor*,*,*,*,*,Iron Lord's Pride*,,,,,
Iron Companion Gloves,357179927,"""6917529861750739604""",,Legendary,Gauntlets,ironbanner,Warlock,1600,,3,Vault,false,false,5,19,,14,7,10,10,2,18,61,14,7,10,10,2,18,61,,,,Upgrade Armor*,*,*,*,*,Iron Lord's Pride*,,,,,
Iron Companion Gloves,357179927,"""6917529861746516713""",,Legendary,Gauntlets,ironbanner,Warlock,1600,,2,Vault,false,false,5,19,,18,2,13,15,2,14,64,18,2,13,15,2,14,64,,,,Upgrade Armor*,*,*,*,*,Iron Lord's Pride*,,,,,
Iron Companion Gloves,357179927,"""6917529861740921871""",,Legendary,Gauntlets,ironbanner,Warlock,1600,,2,Vault,false,false,5,19,,17,6,7,14,8,9,61,17,6,7,14,8,9,61,,,,Upgrade Armor*,*,*,*,*,Iron Lord's Pride*,,,,,
Iron Companion Vestments,1011882337,"""6917529861429669997""",,Legendary,Chest Armor,ironbanner,Warlock,1600,,1,Vault,false,false,5,19,,7,14,10,2,18,13,64,7,14,10,2,18,13,64,,,,Upgrade Armor*,*,*,*,*,Iron Lord's Pride*,,,,,
Iron Companion Vestments,1011882337,"""6917529861447077568""",,Legendary,Chest Armor,ironbanner,Warlock,1600,,2,Vault,false,false,5,19,,6,2,25,13,2,17,65,6,2,25,13,2,17,65,,,,Upgrade Armor*,*,*,*,*,Iron Lord's Pride*,,,,,
Iron Companion Vestments,1011882337,"""6917529861456877191""",,Legendary,Chest Armor,ironbanner,Warlock,1600,,4,Vault,false,false,5,19,,16,2,14,9,14,7,62,16,2,14,9,14,7,62,,,,Upgrade Armor*,*,*,*,*,Iron Lord's Pride*,,,,,
Iron Companion Vestments,1011882337,"""6917529861740913438""",,Legendary,Chest Armor,ironbanner,Warlock,1600,,1,Vault,false,false,5,19,,11,18,2,8,2,22,63,11,18,2,8,2,22,63,,,,Upgrade Armor*,*,*,*,*,Iron Lord's Pride*,,,,,
Warmind's Avatar Legplates,4270910189,"""6917529849748255051""",,Legendary,Leg Armor,rasputin,Titan,1600,,3,Vault,false,false,5,19,,6,22,6,10,10,10,64,6,22,6,10,10,10,64,,,,Upgrade Armor*,*,*,*,*,Seraph Sensor Array*,,,,,
Lion Rampant,3539357318,"""6917529868001533202""",,Exotic,Leg Armor,,Titan,1600,,1,Vault,false,false,1,1,,20,11,2,2,15,13,63,20,11,2,2,15,13,63,,,,Upgrade Armor*,*,*,*,*,Jump Jets*,,,,,
Iron Companion Hood,960442438,"""6917529861796279424""",,Legendary,Helmet,ironbanner,Warlock,1600,,2,Vault,false,false,5,19,,10,7,13,7,8,16,61,10,7,13,7,8,16,61,,,,Upgrade Armor*,*,*,*,*,Iron Lord's Pride*,,,,,
Iron Companion Hood,960442438,"""6917529861788152896""",,Legendary,Helmet,ironbanner,Warlock,1600,,1,Vault,false,false,5,19,,14,9,8,8,13,10,62,14,9,8,8,13,10,62,,,,Upgrade Armor*,*,*,*,*,Iron Lord's Pride*,,,,,
Tusked Allegiance Hood,849255710,"""6917529861730962684""",,Legendary,Helmet,psiops,Warlock,1600,,5,Vault,false,false,5,16,,16,12,6,16,7,9,66,16,12,6,16,7,9,66,,,,Upgrade Armor*,*,*,*,*,,,,,,
Warmind's Avatar Headpiece,2974824815,"""6917529861768742293""",,Legendary,Helmet,rasputin,Warlock,1600,,2,Vault,false,false,5,19,,19,12,2,13,8,12,66,19,12,2,13,8,12,66,,,,Upgrade Armor*,*,*,*,*,Seraph Sensor Array*,,,,,
Iron Companion Gloves,357179927,"""6917529861768737427""",,Legendary,Gauntlets,ironbanner,Warlock,1600,,1,Vault,false,false,5,19,,2,16,13,8,10,14,63,2,16,13,8,10,14,63,,,,Iron Countershade*,Upgrade Armor*,*,*,*,*,Iron Lord's Pride*,,,,
Tusked Allegiance Gloves,119228495,"""6917529861773336204""",,Legendary,Gauntlets,psiops,Warlock,1600,,3,Vault,false,false,5,16,,16,14,2,16,2,13,63,16,14,2,16,2,13,63,,,,Upgrade Armor*,*,*,*,*,,,,,,
Iron Companion Vestments,1011882337,"""6917529861810774851""",,Legendary,Chest Armor,ironbanner,Warlock,1600,,3,Vault,false,false,5,19,,7,7,17,23,2,6,62,7,7,17,23,2,6,62,,,,Iron Countershade*,Upgrade Armor*,*,*,*,*,Iron Lord's Pride*,,,,
Iron Companion Legs,1741360441,"""6917529861788158157""",,Legendary,Leg Armor,ironbanner,Warlock,1600,,1,Vault,false,false,5,19,,7,15,8,7,9,16,62,7,15,8,7,9,16,62,,,,Upgrade Armor*,*,*,*,*,Iron Lord's Pride*,,,,,
Iron Companion Legs,1741360441,"""6917529861784515024""",,Legendary,Leg Armor,ironbanner,Warlock,1600,,2,Vault,false,false,5,19,,10,10,10,17,7,8,62,10,10,10,17,7,8,62,,,,Upgrade Armor*,*,*,*,*,Iron Lord's Pride*,,,,,
Iron Companion Legs,1741360441,"""6917529861796273436""",,Legendary,Leg Armor,ironbanner,Warlock,1600,,1,Vault,false,false,5,19,,16,13,2,18,2,10,61,16,13,2,18,2,10,61,,,,Upgrade Armor*,*,*,*,*,Iron Lord's Pride*,,,,,
Iron Companion Legs,1741360441,"""6917529861823004198""",,Legendary,Leg Armor,ironbanner,Warlock,1600,,1,Vault,false,false,5,19,,6,6,17,2,16,13,60,6,6,17,2,16,13,60,,,,Upgrade Armor*,*,*,*,*,Iron Lord's Pride*,,,,,
Aeon Soul,2950045886,"""6917529871189304104""",,Exotic,Gauntlets,,Warlock,1753,,1,Vault,false,false,1,2,,12,16,7,18,6,6,65,12,16,7,18,6,6,65,,,,Upgrade Armor*,*,*,*,*,Sect of Force*,,,,,
Iron Companion Hood,960442438,"""6917529861832589678""",,Legendary,Helmet,ironbanner,Warlock,1600,,2,Vault,false,false,5,19,,9,9,13,21,8,2,62,9,9,13,21,8,2,62,,,,Iron Countershade*,Upgrade Armor*,*,*,*,*,Iron Lord's Pride*,,,,
Warmind's Avatar Headpiece,2974824815,"""6917529862378196916""",,Legendary,Helmet,rasputin,Warlock,1600,,3,Vault,false,false,5,19,,9,8,14,6,18,8,63,9,8,14,6,18,8,63,,,,Upgrade Armor*,*,*,*,*,Seraph Sensor Array*,,,,,
Tusked Allegiance Hood,849255710,"""6917529862665759813""",,Legendary,Helmet,psiops,Warlock,1600,,2,Vault,false,false,5,16,,16,2,14,2,2,27,63,16,2,14,2,2,27,63,,,,Upgrade Armor*,*,*,*,*,,,,,,
Warmind's Avatar Gloves,1259550198,"""6917529862008261826""",,Legendary,Gauntlets,rasputin,Warlock,1600,,2,Vault,true,false,5,19,,2,27,2,19,6,7,63,2,27,2,19,6,7,63,,,,Upgrade Armor*,*,*,*,*,Seraph Sensor Array*,,,,,
Tusked Allegiance Gloves,119228495,"""6917529862662258726""",,Legendary,Gauntlets,psiops,Warlock,1600,,2,Vault,false,false,5,16,,13,2,16,16,10,7,64,13,2,16,16,10,7,64,,,,Upgrade Armor*,*,*,*,*,,,,,,
Veritas Gloves,201529677,"""6917529862940326229""",,Legendary,Gauntlets,throneworld,Warlock,1600,,1,Vault,false,false,5,16,,13,8,10,13,6,11,61,13,8,10,13,6,11,61,,,,Upgrade Armor*,*,*,*,*,,,,,,
Veritas Gloves,201529677,"""6917529862943911828""",,Legendary,Gauntlets,throneworld,Warlock,1600,,1,Vault,false,false,5,16,,18,10,2,7,15,10,62,18,10,2,7,15,10,62,,,,Upgrade Armor*,*,*,*,*,,,,,,
Tusked Allegiance Robes,3465627817,"""6917529862667610507""",,Legendary,Chest Armor,psiops,Warlock,1600,,1,Vault,false,false,5,16,,24,2,6,10,2,20,64,24,2,6,10,2,20,64,,,,Upgrade Armor*,*,*,*,*,,,,,,
Tusked Allegiance Boots,693728753,"""6917529861998774499""",,Legendary,Leg Armor,psiops,Warlock,1600,,3,Vault,false,false,5,16,,2,2,29,27,2,2,64,2,2,29,27,2,2,64,,,,Upgrade Armor*,*,*,*,*,,,,,,
Warmind's Avatar Pants,2471829328,"""6917529862405883396""",,Legendary,Leg Armor,rasputin,Warlock,1600,,1,Vault,true,false,5,19,,2,8,23,16,2,15,66,2,8,23,16,2,15,66,,,,Upgrade Armor*,*,*,*,*,Seraph Sensor Array*,,,,,
Tusked Allegiance Boots,693728753,"""6917529862655983477""",,Legendary,Leg Armor,psiops,Warlock,1600,,5,Vault,false,false,5,16,,2,2,28,6,2,24,64,2,2,28,6,2,24,64,,,,Upgrade Armor*,*,*,*,*,,,,,,
Tusked Allegiance Boots,693728753,"""6917529862883517576""",,Legendary,Leg Armor,psiops,Warlock,1600,,3,Vault,false,false,5,16,,7,23,2,2,24,7,65,7,23,2,2,24,7,65,,,,Upgrade Armor*,*,*,*,*,,,,,,
Claws of Ahamkara,3288917178,"""6917529872148243327""",,Exotic,Gauntlets,,Warlock,1760,,1,Vault,false,false,1,3,,12,12,8,2,2,27,63,12,12,8,2,2,27,63,,,,Upgrade Armor*,*,*,*,*,The Whispers*,,,,,
Aeon Soul,2950045886,"""6917529872117908888""",,Exotic,Gauntlets,,Warlock,1763,,3,Vault,false,false,1,2,,12,15,8,11,2,20,68,12,15,8,11,2,20,68,,,,Upgrade Armor*,*,*,*,*,Sect of Force*,,,,,
Ego Talon IV,4110287116,"""6917529871101606113""",,Legendary,Leg Armor,ikora,Warlock,1752,,1,Vault,false,false,4,12,,7,21,2,14,12,6,62,7,21,2,14,12,6,62,,,,Upgrade Armor*,*,*,*,*,,,,,,
Tangled Web Gloves,2944042669,"""6917529871642613612""",,Legendary,Gauntlets,legendaryengram,Warlock,1757,,3,Vault,false,false,4,15,,6,24,2,7,9,12,60,6,24,2,7,9,12,60,,,,Upgrade Armor*,*,*,*,*,,,,,,
Unyielding Favor Hood,3056490591,"""6917529871750940389""",,Legendary,Helmet,seasonpass,Warlock,1757,,8,Vault,false,false,6,20,,8,22,2,7,17,7,63,8,22,2,7,17,7,63,,,,Upgrade Armor*,*,*,*,*,Queen's Favor*,,,,,
Ophidian Aspect,3627185503,"""6917529872224347964""",,Exotic,Gauntlets,,Warlock,1760,,4,Vault,false,false,1,2,,14,16,3,6,16,7,62,14,16,3,6,16,7,62,,,,Upgrade Armor*,*,*,*,*,Cobra Totemic*,,,,,
Getaway Artist,3084282676,"""6917529872594315722""",,Exotic,Gauntlets,,Warlock,1763,,1,Vault,false,false,2,6,,16,14,3,14,7,9,63,16,14,3,14,7,9,63,,,,Upgrade Armor*,*,*,*,*,Dynamic Duo*,,,,,
Oathkeeper,691578978,"""6917529878318522048""",,Exotic,Gauntlets,,Hunter,1769,,1,Vault,false,false,2,4,,11,17,3,23,2,6,62,11,17,3,23,2,6,62,,,,Upgrade Armor*,*,*,*,*,Adamantine Brace*,,,,,
The Stag,2177524718,"""6917529876395965947""",,Exotic,Helmet,,Warlock,1770,,2,Vault,false,false,1,2,,9,18,4,7,6,20,64,9,18,4,7,6,20,64,,,,Upgrade Armor*,*,*,*,*,Dearly Departed*,,,,,
Foetracer,896224899,"""6917529856493264419""",,Exotic,Helmet,,Hunter,1723,,9,Vault,false,false,1,1,,18,18,6,18,6,6,72,18,8,6,18,6,6,62,,,,Resilience Mod*,Dynamo*,Ashes to Assets*,Solar Siphon*,Iron Countershade*,Upgrade Armor*,*,*,*,*,Relentless Tracker*
Raiju's Harness,2268523867,"""6917529878466647014""",,Exotic,Chest Armor,,Hunter,1774,,1,Vault,false,false,3,10,,6,20,6,14,13,2,61,6,20,6,14,13,2,61,,,,Upgrade Armor*,*,*,*,*,Mobius Conduit*,,,,,
Gwisin Vest,1474735276,"""6917529877843445185""",,Exotic,Chest Armor,,Hunter,1768,,6,Vault,false,false,2,4,,9,25,12,10,12,8,76,9,15,12,10,12,8,66,,,,Resilience Mod*,Harmonic Reserves*,Upgrade Armor*,*,*,*,*,Roving Assassin*,,,
Ketchkiller's Vest,92499596,"""6917529834785961632""",,Legendary,Chest Armor,plunder,Hunter,1673,,7,Vault,true,false,5,18,,12,16,16,20,6,6,76,12,6,16,20,6,6,66,,,,Resilience Mod*,Font of Endurance*,Iron Countershade*,Upgrade Armor*,*,*,*,*,,,
Unyielding Favor Strides,4290220099,"""6917529878432692967""",,Legendary,Leg Armor,seasonpass,Hunter,1770,,3,Vault,false,false,6,20,,18,2,12,9,21,2,64,18,2,12,9,21,2,64,,,,Upgrade Armor*,*,*,*,*,Queen's Favor*,,,,,
Claws of Ahamkara,3288917178,"""6917529877726040954""",,Exotic,Gauntlets,,Warlock,1776,,1,Vault,false,false,1,3,,7,18,8,8,8,13,62,7,18,8,8,8,13,62,,,,Upgrade Armor*,*,*,*,*,The Whispers*,,,,,
Unyielding Favor Gloves,3031934630,"""6917529877825825862""",,Legendary,Gauntlets,seasonpass,Warlock,1777,,3,Vault,false,false,6,20,,2,12,18,11,10,10,63,2,12,18,11,10,10,63,,,,Upgrade Armor*,*,*,*,*,Queen's Favor*,,,,,
High-Minded Complex,3689406239,"""6917529877787997725""",,Legendary,Leg Armor,legendaryengram,Warlock,1774,,2,Vault,false,false,4,15,,2,19,9,8,2,20,60,2,19,9,8,2,20,60,,,,Upgrade Armor*,*,*,*,*,,,,,,
Unyielding Favor Boots,2549387168,"""6917529878466643937""",,Legendary,Leg Armor,seasonpass,Warlock,1777,,3,Vault,false,false,6,20,,11,6,14,10,15,7,63,11,6,14,10,15,7,63,,,,Upgrade Armor*,*,*,*,*,Queen's Favor*,,,,,
Celestial Nighthawk,1321354573,"""6917529879299565691""",,Exotic,Helmet,,Hunter,1777,,4,Vault,false,false,1,1,,10,16,7,12,13,6,64,10,16,7,12,13,6,64,,,,Upgrade Armor*,*,*,*,*,Hawkeye Hack*,,,,,
Unyielding Favor Grips,164103153,"""6917529878968153797""",,Legendary,Gauntlets,seasonpass,Hunter,1772,,2,Vault,false,false,6,20,,6,16,10,10,2,20,64,6,16,10,10,2,20,64,,,,Upgrade Armor*,*,*,*,*,Queen's Favor*,,,,,
Unyielding Favor Vest,3995603239,"""6917529880812959212""",,Legendary,Chest Armor,seasonpass,Hunter,1783,,3,Vault,false,false,6,20,,22,2,8,2,19,9,62,22,2,8,2,19,9,62,,,,Upgrade Armor*,*,*,*,*,Queen's Favor*,,,,,
Fr0st-EE5,609852545,"""6917529879291506261""",,Exotic,Leg Armor,,Hunter,1777,,1,Vault,false,false,1,3,,11,13,7,6,19,6,62,11,13,7,6,19,6,62,,,,Upgrade Armor*,*,*,*,*,Rapid Cooldown*,,,,,
Iron Companion Boots,2931145020,"""6917529880423772291""",,Legendary,Leg Armor,ironbanner,Hunter,1787,,2,Vault,false,false,5,19,,6,13,12,20,12,2,65,6,13,12,20,12,2,65,,,,Upgrade Armor*,*,*,*,*,Iron Lord's Pride*,,,,,
Wolfswood Cloak,3737404623,"""6917529880423770692""",,Legendary,Hunter Cloak,ironbanner,Hunter,1783,,2,Vault,false,false,5,19,,0,0,0,0,0,0,0,0,0,0,0,0,0,0,,,,Upgrade Armor*,Iron Lord's Pride*,,,,,,,,,