Name,Hash,Id,Tag,Tier,Type,Source,Equippable,Power,Power Limit,Masterwork Type,Masterwork Tier,Owner,Armor2.0,Locked,Equipped,Year,Season,Event,Mobility,Resilience,Recovery,Discipline,Intellect,Strength,Total,Custom,Mobility (Base),Resilience (Base),Recovery (Base),Discipline (Base),Intellect (Base),Strength (Base),Total (Base),Custom (Base),Seasonal Mod,Loadouts,Notes,Perks 0,Perks 1,Perks 2,Perks 3,Perks 4,Perks 5,Perks 6,Perks 7,Perks 8,Perks 9,Perks 10,Perks 11
Tusked Allegiance Hood,849255710,"""6917529860662048367""",,Legendary,Helmet,psiops,Warlock,1583,,Void,10,Warlock(1603),true,false,true,5,16,,4,38,4,4,8,26,84,0,2,26,2,2,6,24,62,0,combatstyle,,,Resilience Mod*,Harmonic Siphon*,Dynamo*,Elemental Armaments*,Iron Countershade*,Upgrade Armor*,*,*,*,*,Iron Companion Hood*,Uniformed Officer*
Warmind's Avatar Gloves,1259550198,"""6917529846979000645""",,Legendary,Gauntlets,rasputin,Warlock,1581,,Arc,10,Warlock(1603),true,true,true,5,19,,4,34,12,18,8,12,88,0,2,22,10,16,6,10,66,0,combatstyle,,,Resilience Mod*,Anti-Barrier Pulse Rifle*,Unstoppable Hand Cannon*,Elemental Ordnance*,Iron Countershade*,Upgrade Armor*,*,*,*,*,Iron Companion Gloves*,Seraph Sensor Array*
Phoenix Protocol,4057299719,"""6917529828414620377""",,Exotic,Chest Armor,,Warlock,1580,,Arc,10,Warlock(1603),true,true,true,2,4,,6,9,31,4,22,10,82,0,4,2,29,2,20,8,65,0,combatstyle,,,Minor Resilience Mod*,Energy Diffusion Substrate*,Linear Fusion Rifle Reserves*,Elemental Ordnance*,Iron Countershade*,Upgrade Armor*,*,*,*,*,Battle-Hearth*,
Tusked Allegiance Boots,693728753,"""6917529863897934316""",,Legendary,Leg Armor,psiops,Warlock,1582,,Arc,10,Warlock(1603),true,false,true,5,16,,23,14,8,14,4,32,95,0,16,12,6,2,2,30,68,0,combatstyle,,,Discipline Mod*,Mobile Retrofit*,Absolution*,Shield Break Charge*,Iron Countershade*,Upgrade Armor*,*,*,*,*,Iron Companion Legs*,Uniformed Officer*
Warmind's Avatar Bond,1934312075,"""6917529843903461131""",,Legendary,Warlock Bond,rasputin,Warlock,1584,,Solar,10,Warlock(1603),true,true,true,5,19,,2,7,2,2,2,2,17,0,0,0,0,0,0,0,0,0,combatstyle,,,Minor Resilience Mod*,Weakened Clear*,Bomber*,Elemental Light*,Iron Countershade*,Upgrade Armor*,Wolfswood Bond*,Seraph Sensor Array*,,,,
Eidolon Pursuant Helm,527342912,"""6917529841814258789""",,Legendary,Helmet,haunted,Titan,1568,,Solar,1,Titan(1593),true,false,false,5,17,,23,6,2,2,15,16,64,0,23,6,2,2,15,16,64,0,combatstyle,,,Change Energy Type*,*,*,*,*,Visage of the Reaper*,,,,,,
Warmind's Avatar Helm,1059446290,"""6917529849763991769""",,Legendary,Helmet,rasputin,Titan,1574,,Arc,3,Titan(1593),true,false,false,5,19,,2,30,2,2,10,22,68,0,2,30,2,2,10,22,68,0,combatstyle,,,Upgrade Armor*,*,*,*,*,Seraph Sensor Array*,,,,,,
ACD/0 Feedback Fence,2563444729,"""6917529835091904759""",,Exotic,Gauntlets,,Titan,1567,,Arc,7,Titan(1593),true,false,false,1,1,,16,18,10,2,15,14,75,0,16,8,10,2,15,14,65,0,combatstyle,,,Resilience Mod*,Deprecated Armor Mod*,Deprecated Armor Mod*,Seeking Wells*,Angel's Gleam*,Upgrade Armor*,*,*,*,*,Fury Conductors*,
Crushing Guard (CODA),818644818,"""6917529836226346792""",,Legendary,Gauntlets,dungeon,Titan,1570,,Solar,1,Titan(1593),true,false,false,3,11,,15,7,9,6,15,8,60,0,15,7,9,6,15,8,60,0,combatstyle,,,Change Energy Type*,*,*,*,*,,,,,,,
Warmind's Avatar Gauntlets,1525902715,"""6917529849694438637""",,Legendary,Gauntlets,rasputin,Titan,1576,,Arc,3,Titan(1593),true,false,false,5,19,,10,10,10,10,10,10,60,0,10,10,10,10,10,10,60,0,combatstyle,,,Upgrade Armor*,*,*,*,*,Seraph Sensor Array*,,,,,,
Ketchkiller's Plate,130618344,"""6917529832203031399""",,Legendary,Chest Armor,plunder,Titan,1569,,Solar,7,Titan(1593),true,true,false,5,18,,2,16,26,11,12,10,77,0,2,6,26,11,12,10,67,0,combatstyle,,,Resilience Mod*,Melee Damage Resistance*,Taking Charge*,Angel's Gleam*,Upgrade Armor*,*,*,*,*,Plunderer's Trappings*,,
Cuirass of the Falling Star,2321120637,"""6917529832222482215""",,Exotic,Chest Armor,lostsectors,Titan,1570,,Void,9,Titan(1593),true,true,false,4,13,,2,17,2,12,20,2,55,0,2,12,12,12,20,2,60,0,combatstyle,,,Minor Resilience Mod*,Void Resistance*,Melee Damage Resistance*,Stacks on Stacks*,Angel's Gleam*,Upgrade Armor*,*,*,*,*,Glorious Charge*,
Photosuede Plate,2999584444,"""6917529838424784980""",,Legendary,Chest Armor,strikes,Titan,1567,,Stasis,2,Titan(1593),true,false,false,5,16,,7,10,16,2,14,12,61,0,7,10,16,2,14,12,61,0,combatstyle,,,Upgrade Armor*,*,*,*,*,,,,,,,
Warmind's Avatar Chestplate,839296981,"""6917529849758218152""",,Legendary,Chest Armor,rasputin,Titan,1575,,Arc,3,Titan(1593),true,false,false,5,19,,2,30,2,15,10,6,65,0,2,30,2,15,10,6,65,0,combatstyle,,,Upgrade Armor*,*,*,*,*,Seraph Sensor Array*,,,,,,
Mimetic Savior Greaves,4293588774,"""6917529840214315953""",,Legendary,Leg Armor,legendaryengram,Titan,1568,,Arc,1,Titan(1593),true,false,false,4,13,,2,12,17,13,16,2,62,0,2,12,17,13,16,2,62,0,combatstyle,,,Change Energy Type*,*,*,*,*,,,,,,,
Warmind's Avatar Legplates,4270910189,"""6917529849748255051""",,Legendary,Leg Armor,rasputin,Titan,1576,,Arc,3,Titan(1593),true,false,false,5,19,,6,22,6,10,10,10,64,0,6,22,6,10,10,10,64,0,combatstyle,,,Upgrade Armor*,*,*,*,*,Seraph Sensor Array*,,,,,,
Lion Rampant,3539357318,"""6917529868001533202""",,Exotic,Leg Armor,,Titan,1576,,Stasis,1,Titan(1593),true,false,false,1,1,,20,11,2,2,15,13,63,0,20,11,2,2,15,13,63,0,combatstyle,,,Change Energy Type*,*,*,*,*,Jump Jets*,,,,,,
Ketchkiller's Helmet,859087913,"""6917529833166623812""",,Legendary,Helmet,plunder,Titan,1570,,Solar,3,Titan(1593),true,false,true,5,18,,10,7,14,16,8,7,62,0,10,7,14,16,8,7,62,0,combatstyle,,,Angel's Gleam*,Upgrade Armor*,*,*,*,*,Plunderer's Trappings*,,,,,
Ketchkiller's Gauntlets,2945464224,"""6917529832203031734""",,Legendary,Gauntlets,plunder,Titan,1572,,Solar,8,Titan(1593),true,false,true,5,18,,6,16,20,16,12,6,76,0,6,6,20,16,12,6,66,0,combatstyle,,,Resilience Mod*,Deprecated Armor Mod*,Deprecated Armor Mod*,Elemental Ordnance*,Angel's Gleam*,Upgrade Armor*,*,*,*,*,Plunderer's Trappings*,
Armamentarium,3874247549,"""6917529837404307299""",,Exotic,Chest Armor,,Titan,1577,,Arc,7,Titan(1593),true,true,true,1,3,,2,26,15,13,2,13,71,0,2,16,15,13,2,13,61,0,combatstyle,,,Resilience Mod*,Melee Damage Resistance*,Seeking Wells*,Angel's Gleam*,Upgrade Armor*,*,*,*,*,And Another Thing*,,
Ketchkiller's Greaves,1640403802,"""6917529832203025405""",,Legendary,Leg Armor,plunder,Titan,1571,,Solar,3,Titan(1593),true,false,true,5,18,,6,22,6,23,8,12,77,0,6,22,6,23,8,2,67,0,combatstyle,,,Strength Mod*,Angel's Gleam*,Upgrade Armor*,*,*,*,*,Plunderer's Trappings*,,,,
Ketchkiller's Mark,1832715717,"""6917529832196995636""",,Legendary,Titan Mark,plunder,Titan,1575,,Solar,3,Titan(1593),true,false,true,5,18,,0,0,0,0,0,10,10,0,0,0,0,0,0,0,0,0,combatstyle,,,Strength Mod*,Angel's Gleam*,Upgrade Armor*,Plunderer's Trappings*,,,,,,,,
Scatterhorn Mask,1164347863,"""6917529834803053629""",,Legendary,Helmet,tangled,Hunter,1575,,Solar,8,Hunter(1601),true,false,false,4,14,,2,22,12,12,20,2,70,0,2,12,12,12,20,2,60,0,combatstyle,,,Resilience Mod*,Harmonic Siphon*,Ashes to Assets*,Elemental Light*,Hoarfrost Sunrise*,Upgrade Armor*,*,*,*,*,,
Knucklehead Radar,1321354572,"""6917529861836737571""",,Exotic,Helmet,,Hunter,1580,,Void,1,Hunter(1601),true,false,false,1,1,,3,13,20,12,10,9,67,0,3,13,20,12,10,9,67,0,combatstyle,,,Change Energy Type*,*,*,*,*,Upgraded Sensor Pack*,,,,,,
Shinobu's Vow,1053737370,"""6917529858427126960""",,Exotic,Gauntlets,,Hunter,1576,,Void,2,Hunter(1601),true,false,false,1,2,,10,17,6,11,10,9,63,0,10,17,6,11,10,9,63,0,combatstyle,,,Upgrade Armor*,*,*,*,*,New Tricks*,,,,,,
The Dragon's Shadow,2766109874,"""6917529838436946954""",,Exotic,Chest Armor,,Hunter,1580,,Arc,7,Hunter(1601),true,false,false,1,1,,16,8,17,14,2,12,69,0,16,8,7,14,2,12,59,0,combatstyle,,,Recovery Mod*,Arc Resistance*,Seeking Wells*,Hoarfrost Sunrise*,Upgrade Armor*,*,*,*,*,Wraithmetal Mail*,,
Orpheus Rig,193869523,"""6917529860764965056""",,Exotic,Leg Armor,,Hunter,1579,,Stasis,2,Hunter(1601),true,false,false,1,1,,17,2,14,10,10,9,62,0,17,2,14,10,10,9,62,0,combatstyle,,,Upgrade Armor*,*,*,*,*,Uncanny Arrows*,,,,,,
Foetracer,896224899,"""6917529856493264419""",,Exotic,Helmet,,Hunter,1580,,Void,9,Hunter(1601),true,false,true,1,1,,18,18,6,18,6,6,72,0,18,8,6,18,6,6,62,0,combatstyle,,,Resilience Mod*,Void Siphon*,Counter Charge*,Iron Countershade*,Upgrade Armor*,*,*,*,*,Relentless Tracker*,,
Scatterhorn Grasps,237758814,"""6917529834803055195""",,Legendary,Gauntlets,tangled,Hunter,1580,,Solar,9,Hunter(1601),true,false,true,4,14,,2,12,22,12,20,2,70,0,2,12,12,12,20,2,60,0,combatstyle,,,Recovery Mod*,Impact Induction*,Anti-Barrier Pulse Rifle*,Elemental Light*,Iron Countershade*,Upgrade Armor*,*,*,*,*,,
Ketchkiller's Vest,92499596,"""6917529834785961632""",,Legendary,Chest Armor,plunder,Hunter,1580,,Solar,7,Hunter(1601),true,true,true,5,18,,12,16,16,20,6,6,76,0,12,6,16,20,6,6,66,0,combatstyle,,,Resilience Mod*,Energy Diffusion Substrate*,Energy Diffusion Substrate*,Shield Break Charge*,Iron Countershade*,Upgrade Armor*,*,*,*,*,Plunderer's Trappings*,
Ketchkiller's Strides,2121983870,"""6917529834766927127""",,Legendary,Leg Armor,plunder,Hunter,1579,,Solar,8,Hunter(1601),true,false,true,5,18,,30,6,6,16,6,10,74,0,20,6,6,16,6,10,64,0,combatstyle,,,Mobility Mod*,Absolution*,Recuperation*,Elemental Light*,Iron Countershade*,Upgrade Armor*,*,*,*,*,Plunderer's Trappings*,
Scatterhorn Cloak,345100195,"""6917529834803058152""",,Legendary,Hunter Cloak,tangled,Hunter,1579,,Arc,8,Hunter(1601),true,false,true,4,14,,0,10,0,0,0,0,10,0,0,0,0,0,0,0,0,0,combatstyle,,,Resilience Mod*,Outreach*,Deprecated Armor Mod*,Seeking Wells*,Iron Countershade*,Upgrade Armor*,,,,,,
Raiju's Harness,2268523867,"""6917529855985902651""",,Exotic,Chest Armor,,Hunter,1580,,Stasis,2,Vault,true,false,false,3,10,,8,18,6,18,11,2,63,0,8,18,6,18,11,2,63,0,combatstyle,,,Upgrade Armor*,*,*,*,*,Mobius Conduit*,,,,,,
Astrocyte Verse,3948284065,"""6917529865477527216""",,Exotic,Helmet,,Warlock,1582,,Stasis,4,Vault,true,false,false,2,7,,9,10,13,2,12,20,66,0,9,10,13,2,12,20,66,0,combatstyle,,,Upgrade Armor*,*,*,*,*,Move to Survive*,,,,,,
Fieldplate Type 10,777818225,"""6917529829455705609""",,Uncommon,Leg Armor,campaign,Titan,1350,,,,Vault,false,false,false,1,1,,1,0,0,0,0,0,1,0,1,0,0,0,0,0,1,0,,,,,,,,,,,,,,,
Lucky Pants,193869522,"""6917529840112667878""",,Exotic,Leg Armor,,Hunter,1567,,Void,1,Vault,true,false,false,1,1,,9,10,15,9,10,11,64,0,9,10,15,9,10,11,64,0,combatstyle,,,Change Energy Type*,*,*,*,*,Illegally Modded Holster*,Hand Cannon Holster*,,,,,
Astrocyte Verse,3948284065,"""6917529828797613286""",,Exotic,Helmet,,Warlock,1554,,Arc,1,Vault,true,false,false,2,7,,14,8,10,2,7,24,65,0,14,8,10,2,7,24,65,0,combatstyle,,,Change Energy Type*,*,*,*,*,Move to Survive*,,,,,,
Crown of Tempests,3381022969,"""6917529830398750602""",,Exotic,Helmet,,Warlock,1566,,Arc,1,Vault,true,false,false,1,1,,14,2,17,2,14,13,62,0,14,2,17,2,14,13,62,0,combatstyle,,,Change Energy Type*,*,*,*,*,Conduction Tines*,,,,,,
Getaway Artist,3084282676,"""6917529823918237442""",,Exotic,Gauntlets,,Warlock,1551,,Solar,8,Vault,true,false,false,2,6,,2,13,18,12,20,2,67,0,2,13,13,12,20,2,62,0,combatstyle,,,Minor Recovery Mod*,Upgrade Armor*,*,*,*,*,Dynamic Duo*,,,,,
Winter's Guile,3844826443,"""6917529829176517970""",,Exotic,Gauntlets,,Warlock,1561,,Void,2,Vault,true,false,false,1,1,,9,10,14,6,22,6,67,0,9,10,14,6,22,6,67,0,combatstyle,,,Upgrade Armor*,*,*,*,*,Warlord's Sigil*,,,,,,
Claws of Ahamkara,3288917178,"""6917529830406857740""",,Exotic,Gauntlets,,Warlock,1564,,Stasis,1,Vault,true,false,false,1,3,,2,14,18,9,8,12,63,0,2,14,18,9,8,12,63,0,combatstyle,,,Change Energy Type*,*,*,*,*,The Whispers*,,,,,,
Lunafaction Boots,4136768282,"""6917529830475563804""",,Exotic,Leg Armor,,Warlock,1570,,Void,1,Vault,true,false,false,1,1,,10,7,15,2,12,20,66,0,10,7,15,2,12,20,66,0,combatstyle,,,Change Energy Type*,*,*,*,*,Alchemical Etchings*,,,,,,
Skull of Dire Ahamkara,1030017949,"""6917529835087431097""",,Exotic,Helmet,,Warlock,1569,,Stasis,2,Vault,true,false,false,1,1,,2,14,17,11,14,6,64,0,2,14,17,11,14,6,64,0,combatstyle,,,Upgrade Armor*,*,*,*,*,Actual Grandeur*,,,,,,
Nezarec's Sin,3381022971,"""6917529831637873410""",,Exotic,Helmet,,Warlock,1570,,Solar,2,Vault,true,false,false,1,1,,15,14,3,9,8,16,65,0,15,14,3,9,8,16,65,0,combatstyle,,,Upgrade Armor*,*,*,*,*,Abyssal Extractors*,,,,,,
Vesper of Radius,1725917554,"""6917529831387877015""",,Exotic,Chest Armor,,Warlock,1570,,Stasis,3,Vault,true,false,false,1,2,,6,8,20,7,19,6,66,0,6,8,20,7,19,6,66,0,combatstyle,,,Upgrade Armor*,*,*,*,*,Planetary Torrent*,,,,,,
Corrupting Echo Robes,2515293448,"""6917529830443729054""",,Legendary,Chest Armor,30th,Warlock,1565,,Solar,1,Vault,true,false,false,4,15,,17,2,12,20,10,2,63,0,17,2,12,20,10,2,63,0,combatstyle,,,Change Energy Type*,*,*,*,*,,,,,,,
Reverie Dawn Tabard,757360370,"""6917529823870173003""",,Legendary,Chest Armor,dreaming,Warlock,1550,,Void,8,Vault,true,false,false,4,13,,2,12,7,12,20,2,55,0,2,12,12,12,20,2,60,0,combatstyle,,,Minor Recovery Mod*,Melee Damage Resistance*,Sniper Damage Resistance*,Stacks on Stacks*,Upgrade Armor*,*,*,*,*,,,
Reverie Dawn Boots,569434520,"""6917529823906468772""",,Legendary,Leg Armor,dreaming,Warlock,1567,,Arc,8,Vault,true,false,false,4,13,,2,12,17,12,20,2,65,0,2,12,12,12,20,2,60,0,combatstyle,,,Minor Recovery Mod*,Absolution*,Taking Charge*,Dusted Tome*,Upgrade Armor*,*,*,*,*,,,
Geomag Stabilizers,121305948,"""6917529831044322845""",,Exotic,Leg Armor,,Warlock,1570,,Stasis,4,Vault,true,false,false,2,4,,11,19,4,10,7,14,65,0,11,19,4,10,7,14,65,0,combatstyle,,,Upgrade Armor*,*,*,*,*,Close Enough*,,,,,,
Ketchkiller's Bond,1667220390,"""6917529830707828214""",,Legendary,Warlock Bond,plunder,Warlock,1566,,Arc,6,Vault,true,false,false,5,18,,0,0,0,0,0,0,0,0,0,0,0,0,0,0,0,0,combatstyle,,,Upgrade Armor*,Plunderer's Trappings*,,,,,,,,,,
Scavenger Suit,3310450277,"""6917529831465689442""",,Uncommon,Helmet,campaign,Hunter,1350,,,,Vault,false,false,false,1,1,,1,0,0,0,0,0,1,0,1,0,0,0,0,0,1,0,,,,,,,,,,,,,,,
St0mp-EE5,193869520,"""6917529852432379662""",,Exotic,Leg Armor,,Hunter,1575,,Arc,3,Vault,true,false,false,1,1,,12,13,9,21,2,9,66,0,12,13,9,21,2,9,66,0,combatstyle,,,Upgrade Armor*,*,*,*,*,Hydraulic Boosters*,,,,,,
Sealed Ahamkara Grasps,1688602431,"""6917529852373378712""",,Exotic,Gauntlets,,Hunter,1579,,Stasis,1,Vault,true,false,false,1,3,,13,10,9,2,13,14,61,0,13,10,9,2,13,14,61,0,combatstyle,,,Change Energy Type*,*,*,*,*,Nightmare Fuel*,,,,,,
The Stag,2177524718,"""6917529832835325896""",,Exotic,Helmet,,Warlock,1570,,Arc,2,Vault,true,false,false,1,2,,8,14,12,6,14,12,66,0,8,14,12,6,14,12,66,0,combatstyle,,,Upgrade Armor*,*,*,*,*,Dearly Departed*,,,,,,
Starfire Protocol,2082483156,"""6917529832840929327""",,Exotic,Chest Armor,,Warlock,1570,,Void,5,Vault,true,false,false,1,1,,17,7,10,15,15,2,66,0,17,7,10,15,15,2,66,0,combatstyle,,,Upgrade Armor*,*,*,*,*,Fusion Harness*,,,,,,
Tusked Allegiance Hood,849255710,"""6917529863897940664""",,Legendary,Helmet,psiops,Warlock,1579,,Arc,3,Vault,true,false,false,5,16,,20,9,2,2,2,29,64,0,20,9,2,2,2,29,64,0,combatstyle,,,Upgrade Armor*,*,*,*,*,Uniformed Officer*,,,,,,
Promethium Spur,235591051,"""6917529834162527905""",,Exotic,Leg Armor,,Warlock,1570,,Void,1,Vault,true,false,false,3,9,,9,10,12,9,15,7,62,0,9,10,12,9,15,7,62,0,combatstyle,,,Change Energy Type*,*,*,*,*,Embers of Light*,,,,,,
Tusked Allegiance Gloves,119228495,"""6917529863893895681""",,Legendary,Gauntlets,psiops,Warlock,1579,,Arc,1,Vault,true,false,false,5,16,,9,2,21,2,9,22,65,0,9,2,21,2,9,22,65,0,combatstyle,,,Change Energy Type*,*,*,*,*,Uniformed Officer*,,,,,,
Ketchkiller's Mask,1095145125,"""6917529834773280381""",,Legendary,Helmet,plunder,Hunter,1486,,Solar,4,Vault,true,false,false,5,18,,22,11,6,17,2,14,72,0,22,6,6,17,2,14,67,0,combatstyle,,,Minor Resilience Mod*,Harmonic Siphon*,Empowered Finish*,Dead Zone Foliage*,Upgrade Armor*,*,*,*,*,Plunderer's Trappings*,,
Liar's Handshake,4165919945,"""6917529834797013684""",,Exotic,Gauntlets,,Hunter,1540,,Solar,8,Vault,true,false,false,2,6,,4,12,12,12,20,2,62,0,4,12,12,12,20,2,62,0,combatstyle,,,Supercharged*,Upgrade Armor*,*,*,*,*,Cross Counter*,,,,,
Ketchkiller's Grips,1834245236,"""6917529834778978361""",,Legendary,Gauntlets,plunder,Hunter,1505,,Solar,3,Vault,true,false,false,5,18,,26,6,2,15,10,7,66,0,26,6,2,15,10,7,66,0,combatstyle,,,Scout Rifle Loader*,Empowered Finish*,Dead Zone Foliage*,Upgrade Armor*,*,*,*,*,Plunderer's Trappings*,,,
Scatterhorn Vest,4044826514,"""6917529834797014175""",,Legendary,Chest Armor,tangled,Hunter,1546,,Void,8,Vault,true,false,false,4,14,,2,12,12,12,20,2,60,0,2,12,12,12,20,2,60,0,combatstyle,,,Upgrade Armor*,*,*,*,*,,,,,,,
Scatterhorn Strides,1081701944,"""6917529834766923456""",,Legendary,Leg Armor,tangled,Hunter,1550,,Arc,8,Vault,true,false,false,4,14,,2,12,12,12,20,2,60,0,2,12,12,12,20,2,60,0,combatstyle,,,Taking Charge*,Upgrade Armor*,*,*,*,*,,,,,,
Ketchkiller's Cloak,2325223873,"""6917529834785957063""",,Legendary,Hunter Cloak,plunder,Hunter,1519,,Solar,3,Vault,true,false,false,5,18,,0,0,0,0,0,0,0,0,0,0,0,0,0,0,0,0,combatstyle,,,Dead Zone Foliage*,Upgrade Armor*,Plunderer's Trappings*,,,,,,,,,
The Bombardiers,1219761634,"""6917529834843413480""",,Exotic,Leg Armor,,Hunter,1567,,Void,1,Vault,true,false,false,3,9,,13,10,8,15,7,10,63,0,13,10,8,15,7,10,63,0,combatstyle,,,Change Energy Type*,*,*,*,*,Parting Gift*,,,,,,
Warmind's Avatar Robes,2710316218,"""6917529864447155514""",,Legendary,Chest Armor,rasputin,Warlock,1579,,Stasis,1,Vault,true,true,false,5,19,,19,2,12,2,14,16,65,0,19,2,12,2,14,16,65,0,combatstyle,,,Change Energy Type*,*,*,*,*,Seraph Sensor Array*,,,,,,
Starfire Protocol,2082483156,"""6917529838577780782""",,Exotic,Chest Armor,,Warlock,1569,,Void,1,Vault,true,false,false,1,1,,6,26,4,13,8,10,67,0,6,26,4,13,8,10,67,0,combatstyle,,,Change Energy Type*,*,*,*,*,Fusion Harness*,,,,,,
Apotheosis Veil,1096253259,"""6917529844585443861""",,Exotic,Helmet,,Warlock,1578,,Solar,2,Vault,true,false,false,1,3,,20,7,8,2,29,2,68,0,20,7,8,2,29,2,68,0,combatstyle,,,Upgrade Armor*,*,*,*,*,Insatiable*,,,,,,
Vesper of Radius,1725917554,"""6917529852503951844""",,Exotic,Chest Armor,,Warlock,1581,,Solar,3,Vault,true,false,false,1,2,,14,4,13,8,21,2,62,0,14,4,13,8,21,2,62,0,combatstyle,,,Upgrade Armor*,*,*,*,*,Planetary Torrent*,,,,,,
Doom Fang Pauldron,241462141,"""6917529838582863995""",,Exotic,Gauntlets,,Titan,1568,,Stasis,1,Vault,true,false,false,1,1,,20,7,7,6,12,16,68,0,20,7,7,6,12,16,68,0,combatstyle,,,Change Energy Type*,*,*,*,*,Horns of Doom*,,,,,,
Gemini Jester,1163283805,"""6917529840224028700""",,Exotic,Leg Armor,,Hunter,1570,,Solar,3,Vault,true,false,false,1,2,,16,8,9,6,17,6,62,0,16,8,9,6,17,6,62,0,combatstyle,,,Upgrade Armor*,*,*,*,*,Misdirection*,,,,,,
Chromatic Fire,4057299718,"""6917529840013420822""",,Exotic,Chest Armor,,Warlock,1568,,Void,1,Vault,true,false,false,2,4,,6,12,13,12,7,9,59,0,6,12,13,12,7,9,59,0,combatstyle,,,Change Energy Type*,*,*,*,*,Crystalline Transistor*,,,,,,
An Insurmountable Skullfort,3216110440,"""6917529840049416804""",,Exotic,Helmet,,Titan,1567,,Arc,1,Vault,true,false,false,1,1,,19,8,3,2,19,10,61,0,19,8,3,2,19,10,61,0,combatstyle,,,Change Energy Type*,*,*,*,*,Transfusion Matrix*,,,,,,
Transversive Steps,138282166,"""6917529836712469375""",,Exotic,Leg Armor,,Warlock,1571,,Arc,7,Vault,true,true,false,1,1,,3,10,20,23,2,8,66,0,3,10,20,23,2,8,66,0,combatstyle,,,Upgrade Armor*,*,*,*,*,Strange Protractor*,,,,,,
Claws of Ahamkara,3288917178,"""6917529844572259688""",,Exotic,Gauntlets,,Warlock,1578,,Arc,1,Vault,true,false,false,1,3,,2,23,8,10,6,13,62,0,2,23,8,10,6,13,62,0,combatstyle,,,Change Energy Type*,*,*,*,*,The Whispers*,,,,,,
Felwinter's Helm,2822465023,"""6917529849772989807""",,Exotic,Helmet,,Warlock,1580,,Void,2,Vault,true,false,false,3,10,,15,9,8,15,7,9,63,0,15,9,8,15,7,9,63,0,combatstyle,,,Upgrade Armor*,*,*,*,*,Warlord's End*,,,,,,
Veritas Hood,1795262004,"""6917529866140346405""",,Legendary,Helmet,throneworld,Warlock,1582,,Void,1,Vault,true,false,false,5,16,,6,25,2,18,6,9,66,0,6,25,2,18,6,9,66,0,combatstyle,,,Change Energy Type*,*,*,*,*,,,,,,,
Verity's Brow,2428181146,"""6917529845959822317""",,Exotic,Helmet,,Warlock,1577,,Solar,1,Vault,true,false,false,1,3,,2,12,18,9,9,13,63,0,2,12,18,9,9,13,63,0,combatstyle,,,Change Energy Type*,*,*,*,*,The Fourth Magic*,,,,,,
Contraverse Hold,1906093346,"""6917529844714907819""",,Exotic,Gauntlets,,Warlock,1580,,Void,1,Vault,true,false,false,2,4,,21,2,9,12,10,10,64,0,21,2,9,12,10,10,64,0,combatstyle,,,Change Energy Type*,*,*,*,*,Chaotic Exchanger*,,,,,,
Dreambane Hood,1721938300,"""6917529851795174761""",,Legendary,Helmet,moon,Warlock,1579,,Void,2,Vault,true,true,false,4,13,,19,6,2,18,2,8,55,0,19,6,2,18,2,8,55,0,"combatstyle,nightmare",,,Upgrade Armor*,*,*,*,*,,,,,,,
Warmind's Avatar Headpiece,2974824815,"""6917529866884704746""",,Legendary,Helmet,rasputin,Warlock,1579,,Void,2,Vault,true,false,false,5,19,,6,17,9,13,16,2,63,0,6,17,9,13,16,2,63,0,combatstyle,,,Upgrade Armor*,*,*,*,*,Seraph Sensor Array*,,,,,,
Karnstein Armlets,3844826440,"""6917529844844728355""",,Exotic,Gauntlets,,Warlock,1580,,Solar,3,Vault,true,false,false,1,1,,9,14,10,15,10,6,64,0,9,14,10,15,10,6,64,0,combatstyle,,,Upgrade Armor*,*,*,*,*,Vampire's Caress*,,,,,,
Skull of Dire Ahamkara,1030017949,"""6917529842679963727""",,Exotic,Helmet,,Warlock,1569,,Arc,1,Vault,true,false,false,1,1,,9,8,15,2,14,15,63,0,9,8,15,2,14,15,63,0,combatstyle,,,Change Energy Type*,*,*,*,*,Actual Grandeur*,,,,,,
Ophidian Aspect,3627185503,"""6917529842225349686""",,Exotic,Gauntlets,,Warlock,1570,,Solar,1,Vault,true,false,false,1,2,,11,12,10,18,10,2,63,0,11,12,10,18,10,2,63,0,combatstyle,,,Change Energy Type*,*,*,*,*,Cobra Totemic*,,,,,,
Sanguine Alchemy,3070555693,"""6917529841656085990""",,Exotic,Chest Armor,,Warlock,1570,,Arc,2,Vault,true,false,false,1,3,,11,7,15,2,6,23,64,0,11,7,15,2,6,23,64,0,combatstyle,,,Upgrade Armor*,*,*,*,*,Blood Magic*,,,,,,
Starfire Protocol,2082483156,"""6917529867937837724""",,Exotic,Chest Armor,,Warlock,1582,,Solar,2,Vault,true,true,false,1,1,,6,25,4,26,2,6,69,0,6,25,4,26,2,6,69,0,combatstyle,,,Upgrade Armor*,*,*,*,*,Fusion Harness*,,,,,,
Claws of Ahamkara,3288917178,"""6917529866035222552""",,Exotic,Gauntlets,,Warlock,1582,,Void,2,Vault,true,false,false,1,3,,10,21,4,14,2,13,64,0,10,21,4,14,2,13,64,0,combatstyle,,,Upgrade Armor*,*,*,*,*,The Whispers*,,,,,,
Warmind's Avatar Headpiece,2974824815,"""6917529857852202098""",,Legendary,Helmet,rasputin,Warlock,1579,,Arc,3,Vault,true,true,false,5,19,,2,16,16,2,24,7,67,0,2,16,16,2,24,7,67,0,combatstyle,,,Upgrade Armor*,*,*,*,*,Seraph Sensor Array*,,,,,,
Ketchkiller's Gloves,535937281,"""6917529851163636578""",,Legendary,Gauntlets,plunder,Warlock,1578,,Arc,1,Vault,true,false,false,5,18,,14,15,2,14,15,2,62,0,14,15,2,14,15,2,62,0,combatstyle,,,Change Energy Type*,*,*,*,*,Plunderer's Trappings*,,,,,,
Tusked Allegiance Gloves,119228495,"""6917529866870346989""",,Legendary,Gauntlets,psiops,Warlock,1579,,Solar,4,Vault,true,false,false,5,16,,2,22,9,21,10,2,66,0,2,22,9,21,10,2,66,0,combatstyle,,,Upgrade Armor*,*,*,*,*,Uniformed Officer*,,,,,,
Reverie Dawn Gloves,150052158,"""6917529823893660098""",,Legendary,Gauntlets,dreaming,Warlock,1581,,Solar,10,Vault,true,true,false,4,13,,14,14,14,14,22,4,82,0,2,12,12,12,20,2,60,0,combatstyle,,,Mobility Mod*,Anti-Barrier Pulse Rifle*,Overload Rounds*,Elemental Ordnance*,Angel's Gleam*,Upgrade Armor*,*,*,*,*,,
Veritas Robe,4115572467,"""6917529866767311527""",,Legendary,Chest Armor,throneworld,Warlock,1580,,Stasis,1,Vault,true,false,false,5,16,,9,14,8,15,7,9,62,0,9,14,8,15,7,9,62,0,combatstyle,,,Change Energy Type*,*,*,*,*,,,,,,,
Warmind's Avatar Gloves,1259550198,"""6917529855576427792""",,Legendary,Gauntlets,rasputin,Warlock,1579,,Arc,4,Vault,true,false,false,5,19,,16,6,9,24,6,2,63,0,16,6,9,24,6,2,63,0,combatstyle,,,Upgrade Armor*,*,*,*,*,Seraph Sensor Array*,,,,,,
Ketchkiller's Boots,2030782835,"""6917529851174126596""",,Legendary,Leg Armor,plunder,Warlock,1578,,Solar,1,Vault,true,false,false,5,18,,24,2,6,22,2,7,63,0,24,2,6,22,2,7,63,0,combatstyle,,,Change Energy Type*,*,*,*,*,Plunderer's Trappings*,,,,,,
Apotheosis Veil,1096253259,"""6917529849818071924""",,Exotic,Helmet,,Warlock,1580,,Stasis,2,Vault,true,false,false,1,3,,2,12,18,2,24,6,64,0,2,12,18,2,24,6,64,0,combatstyle,,,Upgrade Armor*,*,*,*,*,Insatiable*,,,,,,
Warmind's Avatar Robes,2710316218,"""6917529848372493639""",,Legendary,Chest Armor,rasputin,Warlock,1580,,Arc,10,Vault,true,true,false,5,19,,4,32,4,14,12,11,77,0,2,30,2,12,10,9,65,0,combatstyle,,,Iron Countershade*,Upgrade Armor*,*,*,*,*,Iron Companion Vestments*,Seraph Sensor Array*,,,,
Dreambane Boots,399547095,"""6917529851198423242""",,Legendary,Leg Armor,moon,Warlock,1578,,Solar,2,Vault,true,true,false,4,13,,6,12,7,6,18,2,51,0,6,12,7,6,18,2,51,0,"combatstyle,nightmare",,,Upgrade Armor*,*,*,*,*,,,,,,,
Reverie Dawn Hood,1076538039,"""6917529823924322979""",,Legendary,Helmet,dreaming,Warlock,1581,,Solar,10,Vault,true,true,false,4,13,,4,24,14,14,22,4,82,0,2,12,12,12,20,2,60,0,combatstyle,,,Resilience Mod*,Ashes to Assets*,Hand Cannon Targeting*,Elemental Light*,Angel's Gleam*,Upgrade Armor*,*,*,*,*,Streetscholar Cover*,
Wings of Sacred Dawn,370930766,"""6917529845953862172""",,Exotic,Chest Armor,,Warlock,1579,,Stasis,5,Vault,true,false,false,1,1,,16,10,8,10,8,12,64,0,16,10,8,10,8,12,64,0,combatstyle,,,Upgrade Armor*,*,*,*,*,Tome of Dawn*,,,,,,
Dreambane Bond,2975563522,"""6917529850681593376""",,Legendary,Warlock Bond,moon,Warlock,1580,,Void,1,Vault,true,true,false,4,13,,0,0,0,0,0,0,0,0,0,0,0,0,0,0,0,0,"combatstyle,nightmare",,,Change Energy Type*,Dreambane Mod*,,,,,,,,,,
Chromatic Fire,4057299718,"""6917529849810252209""",,Exotic,Chest Armor,,Warlock,1580,,Solar,1,Vault,true,false,false,2,4,,9,20,7,18,6,7,67,0,9,20,7,18,6,7,67,0,combatstyle,,,Change Energy Type*,*,*,*,*,Crystalline Transistor*,,,,,,
Claws of Ahamkara,3288917178,"""6917529850338731975""",,Exotic,Gauntlets,,Warlock,1577,,Void,1,Vault,true,false,false,1,3,,10,13,10,13,2,14,62,0,10,13,10,13,2,14,62,0,combatstyle,,,Change Energy Type*,*,*,*,*,The Whispers*,,,,,,
Warmind's Avatar Headpiece,2974824815,"""6917529849683745024""",,Legendary,Helmet,rasputin,Warlock,1580,,Arc,10,Vault,true,true,false,5,19,,12,26,8,18,12,8,84,0,10,14,6,16,10,6,62,0,combatstyle,,,Resilience Mod*,Harmonic Siphon*,Hands-On*,Elemental Ordnance*,Iron Countershade*,Upgrade Armor*,*,*,*,*,Iron Companion Hood*,Seraph Sensor Array*
Eidolon Pursuant Pants,256122438,"""6917529836203511090""",,Legendary,Leg Armor,haunted,Warlock,1581,,Arc,10,Vault,true,true,false,5,17,,28,11,10,4,18,18,89,0,16,9,8,2,16,16,67,0,combatstyle,,,Mobility Mod*,Trace Rifle Scavenger*,Grenade Launcher Holster*,Seeking Wells*,Upgrade Armor*,*,*,*,*,Visage of the Reaper*,,
Warmind's Avatar Pants,2471829328,"""6917529852026215658""",,Legendary,Leg Armor,rasputin,Warlock,1580,,Void,10,Vault,true,true,false,5,19,,4,22,12,4,32,4,78,0,2,20,10,2,30,2,66,0,combatstyle,,,Upgrade Armor*,*,*,*,*,Seraph Sensor Array*,,,,,,
Warmind's Avatar Pants,2471829328,"""6917529847038886537""",,Legendary,Leg Armor,rasputin,Warlock,1582,,Arc,10,Vault,true,true,false,5,19,,22,24,4,12,12,12,86,0,10,22,2,10,10,10,64,0,combatstyle,,,Mobility Mod*,Absolution*,Grenade Launcher Holster*,Seeking Wells*,Iron Countershade*,Upgrade Armor*,*,*,*,*,Iron Companion Legs*,Seraph Sensor Array*
Warmind's Avatar Pants,2471829328,"""6917529866878675920""",,Legendary,Leg Armor,rasputin,Warlock,1579,,Arc,1,Vault,true,false,false,5,19,,7,18,7,7,17,7,63,0,7,18,7,7,17,7,63,0,combatstyle,,,Change Energy Type*,*,*,*,*,Seraph Sensor Array*,,,,,,
Tusked Allegiance Boots,693728753,"""6917529866878679475""",,Legendary,Leg Armor,psiops,Warlock,1579,,Void,4,Vault,true,false,false,5,16,,2,26,2,2,24,6,62,0,2,26,2,2,24,6,62,0,combatstyle,,,Upgrade Armor*,*,*,*,*,Uniformed Officer*,,,,,,
Reverie Dawn Bond,1394177923,"""6917529823924324339""",,Legendary,Warlock Bond,dreaming,Warlock,1580,,Arc,10,Vault,true,true,false,4,13,,2,7,2,2,2,2,17,0,0,0,0,0,0,0,0,0,combatstyle,,,Minor Resilience Mod*,Outreach*,Distribution*,Seeking Wells*,Angel's Gleam*,Upgrade Armor*,,,,,,
Eye of Another World,3381022970,"""6917529846652248289""",,Exotic,Helmet,,Warlock,1580,,Void,3,Vault,true,false,false,1,1,,2,16,14,2,21,8,63,0,2,16,14,2,21,8,63,0,combatstyle,,,Upgrade Armor*,*,*,*,*,Cerebral Uplink*,,,,,,
Felwinter's Helm,2822465023,"""6917529847328501640""",,Exotic,Helmet,,Warlock,1580,,Void,2,Vault,true,false,false,3,10,,17,2,14,10,9,12,64,0,17,2,14,10,9,12,64,0,combatstyle,,,Angel's Gleam*,Upgrade Armor*,*,*,*,*,Warlord's End*,,,,,
Graviton Forfeit,2773056939,"""6917529848299129409""",,Exotic,Helmet,,Hunter,1577,,Void,1,Vault,true,false,false,1,2,,21,2,8,16,2,10,59,0,21,2,8,16,2,10,59,0,combatstyle,,,Change Energy Type*,*,*,*,*,Vanishing Shadow*,,,,,,
Aeon Soul,2950045886,"""6917529848278568877""",,Exotic,Gauntlets,,Warlock,1580,,Void,1,Vault,true,false,false,1,2,,14,4,17,22,2,7,66,0,14,4,17,22,2,7,66,0,combatstyle,,,Change Energy Type*,*,*,*,*,Sect of Force*,,,,,,
Promethium Spur,235591051,"""6917529849683747489""",,Exotic,Leg Armor,,Warlock,1580,,Void,1,Vault,true,false,false,3,9,,10,10,9,10,17,2,58,0,10,10,9,10,17,2,58,0,combatstyle,,,Change Energy Type*,*,*,*,*,Embers of Light*,,,,,,
Shards of Galanor,691578979,"""6917529850344152461""",,Exotic,Gauntlets,,Hunter,1578,,Solar,1,Vault,true,false,false,2,4,,8,15,9,6,14,8,60,0,8,15,9,6,14,8,60,0,combatstyle,,,Change Energy Type*,*,*,*,*,Sharp Edges*,,,,,,
Doom Fang Pauldron,241462141,"""6917529850344154563""",,Exotic,Gauntlets,,Titan,1579,,Void,1,Vault,true,false,false,1,1,,12,3,18,6,21,2,62,0,12,3,18,6,21,2,62,0,combatstyle,,,Change Energy Type*,*,*,*,*,Horns of Doom*,,,,,,
Phoenix Protocol,4057299719,"""6917529850251321915""",,Exotic,Chest Armor,,Warlock,1580,,Stasis,1,Vault,true,false,false,2,4,,20,8,7,11,15,2,63,0,20,8,7,11,15,2,63,0,combatstyle,,,Change Energy Type*,*,*,*,*,Battle-Hearth*,,,,,,
The Stag,2177524718,"""6917529850646860839""",,Exotic,Helmet,,Warlock,1581,,Solar,1,Vault,true,false,false,1,2,,7,7,18,14,2,13,61,0,7,7,18,14,2,13,61,0,combatstyle,,,Change Energy Type*,*,*,*,*,Dearly Departed*,,,,,,
Felwinter's Helm,2822465023,"""6917529851432238874""",,Exotic,Helmet,,Warlock,1581,,Arc,1,Vault,true,false,false,3,10,,15,13,2,9,7,16,62,0,15,13,2,9,7,16,62,0,combatstyle,,,Change Energy Type*,*,*,*,*,Warlord's End*,,,,,,
Apotheosis Veil,1096253259,"""6917529851823888484""",,Exotic,Helmet,,Warlock,1581,,Void,4,Vault,true,false,false,1,3,,19,3,13,7,22,2,66,0,19,3,13,7,22,2,66,0,combatstyle,,,Upgrade Armor*,*,*,*,*,Insatiable*,,,,,,
Felwinter's Helm,2822465023,"""6917529854434409861""",,Exotic,Helmet,,Warlock,1580,,Arc,1,Vault,true,false,false,3,10,,10,6,14,15,15,2,62,0,10,6,14,15,15,2,62,0,combatstyle,,,Change Energy Type*,*,*,*,*,Warlord's End*,,,,,,
Warmind's Avatar Headpiece,2974824815,"""6917529861010329915""",,Legendary,Helmet,rasputin,Warlock,1579,,Solar,1,Vault,true,false,false,5,19,,2,7,21,16,8,9,63,0,2,7,21,16,8,9,63,0,combatstyle,,,Change Energy Type*,*,*,*,*,Seraph Sensor Array*,,,,,,
Iron Companion Gloves,357179927,"""6917529859720885513""",,Legendary,Gauntlets,ironbanner,Warlock,1578,,Arc,1,Vault,true,false,false,5,19,,7,10,15,11,9,12,64,0,7,10,15,11,9,12,64,0,combatstyle,,,Change Energy Type*,*,*,*,*,Iron Lord's Pride*,,,,,,
Iron Companion Gloves,357179927,"""6917529860385405101""",,Legendary,Gauntlets,ironbanner,Warlock,1578,,Solar,1,Vault,true,false,false,5,19,,7,2,22,2,6,25,64,0,7,2,22,2,6,25,64,0,combatstyle,,,Change Energy Type*,*,*,*,*,Iron Lord's Pride*,,,,,,
Tusked Allegiance Gloves,119228495,"""6917529860662043472""",,Legendary,Gauntlets,psiops,Warlock,1578,,Stasis,1,Vault,true,false,false,5,16,,13,2,16,6,2,26,65,0,13,2,16,6,2,26,65,0,combatstyle,,,Change Energy Type*,*,*,*,*,Uniformed Officer*,,,,,,
Iron Companion Gloves,357179927,"""6917529860717150181""",,Legendary,Gauntlets,ironbanner,Warlock,1578,,Stasis,3,Vault,true,false,false,5,19,,10,9,12,10,12,10,63,0,10,9,12,10,12,10,63,0,combatstyle,,,Upgrade Armor*,*,*,*,*,Iron Lord's Pride*,,,,,,
Warmind's Avatar Gloves,1259550198,"""6917529861006154270""",,Legendary,Gauntlets,rasputin,Warlock,1580,,Arc,1,Vault,true,false,false,5,19,,2,9,21,16,2,12,62,0,2,9,21,16,2,12,62,0,combatstyle,,,Change Energy Type*,*,*,*,*,Seraph Sensor Array*,,,,,,
Ego Talon IV,1390681142,"""6917529860435341018""",,Legendary,Chest Armor,ikora,Warlock,1579,,Void,1,Vault,true,false,false,4,12,,9,15,7,13,2,14,60,0,9,15,7,13,2,14,60,0,combatstyle,,,Change Energy Type*,*,*,*,*,,,,,,,
Ketchkiller's Robes,3833868247,"""6917529860989766836""",,Legendary,Chest Armor,plunder,Warlock,1579,,Solar,2,Vault,true,false,false,5,18,,7,16,7,16,16,2,64,0,7,16,7,16,16,2,64,0,combatstyle,,,Upgrade Armor*,*,*,*,*,Plunderer's Trappings*,,,,,,
Ketchkiller's Boots,2030782835,"""6917529860996954513""",,Legendary,Leg Armor,plunder,Warlock,1579,,Stasis,2,Vault,true,false,false,5,18,,2,2,27,7,17,8,63,0,2,2,27,7,17,8,63,0,combatstyle,,,Upgrade Armor*,*,*,*,*,Plunderer's Trappings*,,,,,,
Iron Companion Legs,1741360441,"""6917529860723837350""",,Legendary,Leg Armor,ironbanner,Warlock,1578,,Arc,4,Vault,true,false,false,5,19,,15,7,9,8,8,14,61,0,15,7,9,8,8,14,61,0,combatstyle,,,Upgrade Armor*,*,*,*,*,Iron Lord's Pride*,,,,,,
Wolfswood Bond,2218948028,"""6917529860403364263""",,Legendary,Warlock Bond,ironbanner,Warlock,1583,,Arc,1,Vault,true,false,false,5,19,,0,0,0,0,0,0,0,0,0,0,0,0,0,0,0,0,combatstyle,,,Change Energy Type*,Iron Lord's Pride*,,,,,,,,,,
Eidolon Pursuant Robe,1972851364,"""6917529861014811556""",,Legendary,Chest Armor,haunted,Warlock,1579,,Stasis,4,Vault,true,false,false,5,17,,2,6,23,16,6,12,65,0,2,6,23,16,6,12,65,0,combatstyle,,,Upgrade Armor*,*,*,*,*,Visage of the Reaper*,,,,,,
Eidolon Pursuant Gloves,870313788,"""6917529861019455679""",,Legendary,Gauntlets,haunted,Warlock,1579,,Void,2,Vault,true,false,false,5,17,,2,20,12,2,6,24,66,0,2,20,12,2,6,24,66,0,combatstyle,,,Upgrade Armor*,*,*,*,*,Visage of the Reaper*,,,,,,
Eidolon Pursuant Veil,217647949,"""6917529861023313930""",,Legendary,Helmet,haunted,Warlock,1579,,Arc,4,Vault,true,true,false,5,17,,30,2,2,2,9,21,66,0,30,2,2,2,9,21,66,0,combatstyle,,,Upgrade Armor*,*,*,*,*,Visage of the Reaper*,,,,,,
Iron Companion Hood,960442438,"""6917529861382750303""",,Legendary,Helmet,ironbanner,Warlock,1579,,Arc,3,Vault,true,false,false,5,19,,16,7,7,20,2,9,61,0,16,7,7,20,2,9,61,0,combatstyle,,,Upgrade Armor*,*,*,*,*,Iron Lord's Pride*,,,,,,
Iron Companion Hood,960442438,"""6917529861396697222""",,Legendary,Helmet,ironbanner,Warlock,1580,,Arc,3,Vault,true,false,false,5,19,,13,17,2,13,10,7,62,0,13,17,2,13,10,7,62,0,combatstyle,,,Upgrade Armor*,*,*,*,*,Iron Lord's Pride*,,,,,,
Iron Companion Hood,960442438,"""6917529861768739336""",,Legendary,Helmet,ironbanner,Warlock,1580,,Stasis,3,Vault,true,true,false,5,19,,6,2,24,21,7,2,62,0,6,2,24,21,7,2,62,0,combatstyle,,,Upgrade Armor*,*,*,*,*,Iron Lord's Pride*,,,,,,
Iron Companion Gloves,357179927,"""6917529861750739604""",,Legendary,Gauntlets,ironbanner,Warlock,1579,,Solar,3,Vault,true,false,false,5,19,,14,7,10,10,2,18,61,0,14,7,10,10,2,18,61,0,combatstyle,,,Upgrade Armor*,*,*,*,*,Iron Lord's Pride*,,,,,,
Iron Companion Gloves,357179927,"""6917529861746516713""",,Legendary,Gauntlets,ironbanner,Warlock,1580,,Arc,2,Vault,true,false,false,5,19,,18,2,13,15,2,14,64,0,18,2,13,15,2,14,64,0,combatstyle,,,Upgrade Armor*,*,*,*,*,Iron Lord's Pride*,,,,,,
Iron Companion Gloves,357179927,"""6917529861740921871""",,Legendary,Gauntlets,ironbanner,Warlock,1579,,Stasis,2,Vault,true,false,false,5,19,,17,6,7,14,8,9,61,0,17,6,7,14,8,9,61,0,combatstyle,,,Upgrade Armor*,*,*,*,*,Iron Lord's Pride*,,,,,,
Iron Companion Vestments,1011882337,"""6917529861429669997""",,Legendary,Chest Armor,ironbanner,Warlock,1579,,Void,1,Vault,true,false,false,5,19,,7,14,10,2,18,13,64,0,7,14,10,2,18,13,64,0,combatstyle,,,Change Energy Type*,*,*,*,*,Iron Lord's Pride*,,,,,,
Iron Companion Vestments,1011882337,"""6917529861447077568""",,Legendary,Chest Armor,ironbanner,Warlock,1580,,Arc,2,Vault,true,false,false,5,19,,6,2,25,13,2,17,65,0,6,2,25,13,2,17,65,0,combatstyle,,,Upgrade Armor*,*,*,*,*,Iron Lord's Pride*,,,,,,
Iron Companion Vestments,1011882337,"""6917529861456877191""",,Legendary,Chest Armor,ironbanner,Warlock,1579,,Stasis,4,Vault,true,false,false,5,19,,16,2,14,9,14,7,62,0,16,2,14,9,14,7,62,0,combatstyle,,,Upgrade Armor*,*,*,*,*,Iron Lord's Pride*,,,,,,
Iron Companion Vestments,1011882337,"""6917529861740913438""",,Legendary,Chest Armor,ironbanner,Warlock,1579,,Void,1,Vault,true,false,false,5,19,,11,18,2,8,2,22,63,0,11,18,2,8,2,22,63,0,combatstyle,,,Change Energy Type*,*,*,*,*,Iron Lord's Pride*,,,,,,
Iron Companion Hood,960442438,"""6917529861796279424""",,Legendary,Helmet,ironbanner,Warlock,1579,,Stasis,2,Vault,true,false,false,5,19,,10,7,13,7,8,16,61,0,10,7,13,7,8,16,61,0,combatstyle,,,Upgrade Armor*,*,*,*,*,Iron Lord's Pride*,,,,,,
Iron Companion Hood,960442438,"""6917529861788152896""",,Legendary,Helmet,ironbanner,Warlock,1580,,Stasis,1,Vault,true,false,false,5,19,,14,9,8,8,13,10,62,0,14,9,8,8,13,10,62,0,combatstyle,,,Change Energy Type*,*,*,*,*,Iron Lord's Pride*,,,,,,
Tusked Allegiance Hood,849255710,"""6917529861730962684""",,Legendary,Helmet,psiops,Warlock,1579,,Void,5,Vault,true,false,false,5,16,,16,12,6,16,7,9,66,0,16,12,6,16,7,9,66,0,combatstyle,,,Upgrade Armor*,*,*,*,*,Uniformed Officer*,,,,,,
Warmind's Avatar Headpiece,2974824815,"""6917529861768742293""",,Legendary,Helmet,rasputin,Warlock,1579,,Void,2,Vault,true,false,false,5,19,,19,12,2,13,8,12,66,0,19,12,2,13,8,12,66,0,combatstyle,,,Upgrade Armor*,*,*,*,*,Seraph Sensor Array*,,,,,,
Iron Companion Gloves,357179927,"""6917529861768737427""",,Legendary,Gauntlets,ironbanner,Warlock,1580,,Stasis,1,Vault,true,false,false,5,19,,2,16,13,8,10,14,63,0,2,16,13,8,10,14,63,0,combatstyle,,,Iron Countershade*,Change Energy Type*,*,*,*,*,Iron Lord's Pride*,,,,,
Tusked Allegiance Gloves,119228495,"""6917529861773336204""",,Legendary,Gauntlets,psiops,Warlock,1579,,Void,3,Vault,true,false,false,5,16,,16,14,2,16,2,13,63,0,16,14,2,16,2,13,63,0,combatstyle,,,Upgrade Armor*,*,*,*,*,Uniformed Officer*,,,,,,
Iron Companion Vestments,1011882337,"""6917529861810774851""",,Legendary,Chest Armor,ironbanner,Warlock,1580,,Solar,3,Vault,true,false,false,5,19,,7,7,17,23,2,6,62,0,7,7,17,23,2,6,62,0,combatstyle,,,Iron Countershade*,Upgrade Armor*,*,*,*,*,Iron Lord's Pride*,,,,,
Iron Companion Legs,1741360441,"""6917529861788158157""",,Legendary,Leg Armor,ironbanner,Warlock,1579,,Void,1,Vault,true,false,false,5,19,,7,15,8,7,9,16,62,0,7,15,8,7,9,16,62,0,combatstyle,,,Change Energy Type*,*,*,*,*,Iron Lord's Pride*,,,,,,
Iron Companion Legs,1741360441,"""6917529861784515024""",,Legendary,Leg Armor,ironbanner,Warlock,1580,,Stasis,2,Vault,true,false,false,5,19,,10,10,10,17,7,8,62,0,10,10,10,17,7,8,62,0,combatstyle,,,Upgrade Armor*,*,*,*,*,Iron Lord's Pride*,,,,,,
Iron Companion Legs,1741360441,"""6917529861796273436""",,Legendary,Leg Armor,ironbanner,Warlock,1579,,Arc,1,Vault,true,false,false,5,19,,16,13,2,18,2,10,61,0,16,13,2,18,2,10,61,0,combatstyle,,,Change Energy Type*,*,*,*,*,Iron Lord's Pride*,,,,,,
Iron Companion Legs,1741360441,"""6917529861823004198""",,Legendary,Leg Armor,ironbanner,Warlock,1579,,Void,1,Vault,true,false,false,5,19,,6,6,17,2,16,13,60,0,6,6,17,2,16,13,60,0,combatstyle,,,Change Energy Type*,*,*,*,*,Iron Lord's Pride*,,,,,,
Wolfswood Bond,2218948028,"""6917529861806696864""",,Legendary,Warlock Bond,ironbanner,Warlock,1579,,Arc,2,Vault,true,false,false,5,19,,0,0,0,0,0,0,0,0,0,0,0,0,0,0,0,0,combatstyle,,,Upgrade Armor*,Iron Lord's Pride*,,,,,,,,,,
Iron Companion Hood,960442438,"""6917529861832589678""",,Legendary,Helmet,ironbanner,Warlock,1580,,Arc,2,Vault,true,false,false,5,19,,9,9,13,21,8,2,62,0,9,9,13,21,8,2,62,0,combatstyle,,,Iron Countershade*,Upgrade Armor*,*,*,*,*,Iron Lord's Pride*,,,,,
Warmind's Avatar Headpiece,2974824815,"""6917529862378196916""",,Legendary,Helmet,rasputin,Warlock,1579,,Arc,3,Vault,true,false,false,5,19,,9,8,14,6,18,8,63,0,9,8,14,6,18,8,63,0,combatstyle,,,Upgrade Armor*,*,*,*,*,Seraph Sensor Array*,,,,,,
Tusked Allegiance Hood,849255710,"""6917529862665759813""",,Legendary,Helmet,psiops,Warlock,1579,,Arc,2,Vault,true,false,false,5,16,,16,2,14,2,2,27,63,0,16,2,14,2,2,27,63,0,combatstyle,,,Upgrade Armor*,*,*,*,*,Uniformed Officer*,,,,,,
Warmind's Avatar Gloves,1259550198,"""6917529862008261826""",,Legendary,Gauntlets,rasputin,Warlock,1579,,Arc,2,Vault,true,true,false,5,19,,2,27,2,19,6,7,63,0,2,27,2,19,6,7,63,0,combatstyle,,,Upgrade Armor*,*,*,*,*,Seraph Sensor Array*,,,,,,
Tusked Allegiance Gloves,119228495,"""6917529862662258726""",,Legendary,Gauntlets,psiops,Warlock,1579,,Solar,2,Vault,true,false,false,5,16,,13,2,16,16,10,7,64,0,13,2,16,16,10,7,64,0,combatstyle,,,Upgrade Armor*,*,*,*,*,Uniformed Officer*,,,,,,
Veritas Gloves,201529677,"""6917529862940326229""",,Legendary,Gauntlets,throneworld,Warlock,1582,,Void,1,Vault,true,false,false,5,16,,13,8,10,13,6,11,61,0,13,8,10,13,6,11,61,0,combatstyle,,,Change Energy Type*,*,*,*,*,,,,,,,
Veritas Gloves,201529677,"""6917529862943911828""",,Legendary,Gauntlets,throneworld,Warlock,1580,,Stasis,1,Vault,true,false,false,5,16,,18,10,2,7,15,10,62,0,18,10,2,7,15,10,62,0,combatstyle,,,Change Energy Type*,*,*,*,*,,,,,,,
Tusked Allegiance Robes,3465627817,"""6917529862667610507""",,Legendary,Chest Armor,psiops,Warlock,1579,,Void,1,Vault,true,false,false,5,16,,24,2,6,10,2,20,64,0,24,2,6,10,2,20,64,0,combatstyle,,,Change Energy Type*,*,*,*,*,Uniformed Officer*,,,,,,
High-Minded Complex,1876989571,"""6917529863546856042""",,Legendary,Chest Armor,legendaryengram,Warlock,1579,,Arc,1,Vault,true,false,false,4,15,,8,6,10,15,8,7,54,0,8,6,10,15,8,7,54,0,combatstyle,,,Change Energy Type*,*,*,*,*,,,,,,,
Tusked Allegiance Boots,693728753,"""6917529861998774499""",,Legendary,Leg Armor,psiops,Warlock,1579,,Void,3,Vault,true,false,false,5,16,,2,2,29,27,2,2,64,0,2,2,29,27,2,2,64,0,combatstyle,,,Upgrade Armor*,*,*,*,*,Uniformed Officer*,,,,,,
Warmind's Avatar Pants,2471829328,"""6917529862405883396""",,Legendary,Leg Armor,rasputin,Warlock,1579,,Solar,1,Vault,true,true,false,5,19,,2,8,23,16,2,15,66,0,2,8,23,16,2,15,66,0,combatstyle,,,Change Energy Type*,*,*,*,*,Seraph Sensor Array*,,,,,,
Tusked Allegiance Boots,693728753,"""6917529862655983477""",,Legendary,Leg Armor,psiops,Warlock,1579,,Arc,5,Vault,true,false,false,5,16,,2,2,28,6,2,24,64,0,2,2,28,6,2,24,64,0,combatstyle,,,Upgrade Armor*,*,*,*,*,Uniformed Officer*,,,,,,
Tusked Allegiance Boots,693728753,"""6917529862883517576""",,Legendary,Leg Armor,psiops,Warlock,1579,,Stasis,3,Vault,true,false,false,5,16,,7,23,2,2,24,7,65,0,7,23,2,2,24,7,65,0,combatstyle,,,Upgrade Armor*,*,*,*,*,Uniformed Officer*,,,,,,
Wolfswood Bond,2218948028,"""6917529861823007934""",,Legendary,Warlock Bond,ironbanner,Warlock,1579,,Solar,3,Vault,true,false,false,5,19,,0,0,0,0,0,0,0,0,0,0,0,0,0,0,0,0,combatstyle,,,Upgrade Armor*,Iron Lord's Pride*,,,,,,,,,,